method_name,display_name,step_id,epoch,train_ce_loss,val_ce_loss
rank_extension,RankExt,1,1,1.1347816788306408,0.2435518271625042
rank_extension,RankExt,1,2,0.1635576612025988,0.165718651086092
rank_extension,RankExt,1,3,0.09186492790849726,0.20263120055943729
rank_extension,RankExt,1,4,0.05297166434341859,0.20294617748167365
rank_extension,RankExt,1,5,0.02777923410504314,0.24646840047836305
rank_extension,RankExt,1,6,0.014750781857702485,0.19677954912139103
rank_extension,RankExt,1,7,0.007365441835031188,0.21519474149122833
rank_extension,RankExt,1,8,0.008274174412413305,0.20979252004623414
rank_extension,RankExt,1,9,0.010509758456298732,0.2073358721770346
rank_extension,RankExt,2,1,1.9804803540780775,0.2658740345239639
rank_extension,RankExt,2,2,0.1456518292793485,0.21516843628883361
rank_extension,RankExt,2,3,0.0723036949202174,0.26797464245557784
rank_extension,RankExt,2,4,0.03455244832840122,0.20559504389762878
rank_extension,RankExt,2,5,0.020130002736801007,0.25924682384729386
rank_extension,RankExt,2,6,0.012537340820344831,0.24895853232592344
rank_extension,RankExt,2,7,0.009561316998510623,0.2657854800261557
rank_extension,RankExt,2,8,0.007245829500400714,0.2566201300546527
rank_extension,RankExt,2,9,0.012287472249816347,0.25671027636900545
rank_extension,RankExt,3,1,2.5950806271376274,0.24223508977890015
rank_extension,RankExt,3,2,0.20215190478646364,0.16846290707588196
rank_extension,RankExt,3,3,0.1264980814923517,0.2303801109790802
rank_extension,RankExt,3,4,0.08529618447799174,0.20564888501167297
rank_extension,RankExt,3,5,0.05492941318232505,0.24880656385421754
rank_extension,RankExt,3,6,0.03462923401966691,0.2655127902030945
rank_extension,RankExt,3,7,0.019146003101792066,0.25158618450164794
rank_extension,RankExt,3,8,0.014748133252793255,0.24712999844551087
rank_extension,RankExt,3,9,0.016161066045364714,0.25141032552719117
rank_extension,RankExt,4,1,2.8705401873334546,0.2966953783025965
rank_extension,RankExt,4,2,0.22363881980847627,0.23202580784261226
rank_extension,RankExt,4,3,0.13801142353503432,0.2643608462810516
rank_extension,RankExt,4,4,0.07796603400504372,0.2640441000461287
rank_extension,RankExt,4,5,0.042918588681887276,0.2539796929359509
rank_extension,RankExt,4,6,0.026030252693129516,0.28855381798744567
rank_extension,RankExt,4,7,0.013428789980990273,0.2714700648784565
rank_extension,RankExt,4,8,0.010072826905158509,0.2627626323700097
rank_extension,RankExt,4,9,0.015183277813396125,0.26309983110428586
rank_extension,RankExt,5,1,2.386602630070525,0.12567497324198484
rank_extension,RankExt,5,2,0.11588722675760586,0.11939260268223006
rank_extension,RankExt,5,3,0.061293061825515485,0.18193338799488265
rank_extension,RankExt,5,4,0.027057490103303636,0.1287441186902579
rank_extension,RankExt,5,5,0.01552775340531924,0.11006032228464027
rank_extension,RankExt,5,6,0.005892308446797616,0.11192253565789724
rank_extension,RankExt,5,7,0.006631810898828708,0.13676718473435176
rank_extension,RankExt,5,8,0.003975321407039596,0.1269470050335076
rank_extension,RankExt,5,9,0.006986199612219025,0.1274172832966142
rank_extension_kd_only_T2,RankExt + KD T2,1,1,1.1347816788306408,0.2435518271625042
rank_extension_kd_only_T2,RankExt + KD T2,1,2,0.1635576612025988,0.165718651086092
rank_extension_kd_only_T2,RankExt + KD T2,1,3,0.09186492790849726,0.20263120055943729
rank_extension_kd_only_T2,RankExt + KD T2,1,4,0.05297166434341859,0.20294617748167365
rank_extension_kd_only_T2,RankExt + KD T2,1,5,0.02777923410504314,0.24646840047836305
rank_extension_kd_only_T2,RankExt + KD T2,1,6,0.014750781857702485,0.19677954912139103
rank_extension_kd_only_T2,RankExt + KD T2,1,7,0.007365441835031188,0.21519474149122833
rank_extension_kd_only_T2,RankExt + KD T2,1,8,0.008274174412413305,0.20979252004623414
rank_extension_kd_only_T2,RankExt + KD T2,1,9,0.010509758456298732,0.2073358721770346
rank_extension_kd_only_T2,RankExt + KD T2,2,1,2.6681570353172415,1.3052698974609376
rank_extension_kd_only_T2,RankExt + KD T2,2,2,0.9657538600632402,1.05852472114563
rank_extension_kd_only_T2,RankExt + KD T2,2,3,0.8720835573360568,1.1677058720588684
rank_extension_kd_only_T2,RankExt + KD T2,2,4,0.8240661911299971,1.0090430903434753
rank_extension_kd_only_T2,RankExt + KD T2,2,5,0.7931653903156031,0.984081298828125
rank_extension_kd_only_T2,RankExt + KD T2,2,6,0.7686938175412475,1.0368064584732055
rank_extension_kd_only_T2,RankExt + KD T2,2,7,0.749147602769195,1.002912353515625
rank_extension_kd_only_T2,RankExt + KD T2,2,8,0.7426560838691524,0.9976329355239868
rank_extension_kd_only_T2,RankExt + KD T2,2,9,0.7463209696769715,1.00711865234375
rank_extension_kd_only_T2,RankExt + KD T2,3,1,2.2733940445069596,0.9816390390396118
rank_extension_kd_only_T2,RankExt + KD T2,3,2,0.8543583537711472,0.8807571392059326
rank_extension_kd_only_T2,RankExt + KD T2,3,3,0.7621522413902595,0.7881097412109375
rank_extension_kd_only_T2,RankExt + KD T2,3,4,0.7099944535826074,0.7776691913604736
rank_extension_kd_only_T2,RankExt + KD T2,3,5,0.6754434527920895,0.8139418954849243
rank_extension_kd_only_T2,RankExt + KD T2,3,6,0.6394919693470001,0.8090034160614014
rank_extension_kd_only_T2,RankExt + KD T2,3,7,0.6265840191333021,0.8026437997817993
rank_extension_kd_only_T2,RankExt + KD T2,3,8,0.616502251585976,0.7852268075942993
rank_extension_kd_only_T2,RankExt + KD T2,3,9,0.6158365335941315,0.7941008281707763
rank_extension_kd_only_T2,RankExt + KD T2,4,1,2.2566999835000296,0.9276315927505493
rank_extension_kd_only_T2,RankExt + KD T2,4,2,0.8019013495718846,0.8153742680549622
rank_extension_kd_only_T2,RankExt + KD T2,4,3,0.6978490210458881,0.7726745607852936
rank_extension_kd_only_T2,RankExt + KD T2,4,4,0.6427692611686519,0.82529638671875
rank_extension_kd_only_T2,RankExt + KD T2,4,5,0.6045074946079098,0.7782077634334564
rank_extension_kd_only_T2,RankExt + KD T2,4,6,0.5778688063387011,0.7966644282341003
rank_extension_kd_only_T2,RankExt + KD T2,4,7,0.5577705972507352,0.7843926992416382
rank_extension_kd_only_T2,RankExt + KD T2,4,8,0.5465190035397889,0.7835179448127747
rank_extension_kd_only_T2,RankExt + KD T2,4,9,0.5480941267967224,0.7864550776481628
rank_extension_kd_only_T2,RankExt + KD T2,5,1,1.9378220066306244,0.6711319575309753
rank_extension_kd_only_T2,RankExt + KD T2,5,2,0.6195948438566239,0.6550847177505493
rank_extension_kd_only_T2,RankExt + KD T2,5,3,0.5634169404135376,0.6302415766716003
rank_extension_kd_only_T2,RankExt + KD T2,5,4,0.527470636025804,0.6497932138442993
rank_extension_kd_only_T2,RankExt + KD T2,5,5,0.5077224579502324,0.615762328863144
rank_extension_kd_only_T2,RankExt + KD T2,5,6,0.4915377072134956,0.6267291264533996
rank_extension_kd_only_T2,RankExt + KD T2,5,7,0.4820664619324637,0.639771240234375
rank_extension_kd_only_T2,RankExt + KD T2,5,8,0.4783255223856598,0.6344080812931061
rank_extension_kd_only_T2,RankExt + KD T2,5,9,0.47737358617782594,0.6368981928825378
rank_extension_orth_factor_lam_50,RankExt + FactorOrth,1,1,1.1347816788306408,0.2435518271625042
rank_extension_orth_factor_lam_50,RankExt + FactorOrth,1,2,0.1635576612025988,0.165718651086092
rank_extension_orth_factor_lam_50,RankExt + FactorOrth,1,3,0.09186492790849726,0.20263120055943729
rank_extension_orth_factor_lam_50,RankExt + FactorOrth,1,4,0.05297166434341859,0.20294617748167365
rank_extension_orth_factor_lam_50,RankExt + FactorOrth,1,5,0.02777923410504314,0.24646840047836305
rank_extension_orth_factor_lam_50,RankExt + FactorOrth,1,6,0.014750781857702485,0.19677954912139103
rank_extension_orth_factor_lam_50,RankExt + FactorOrth,1,7,0.007365441835031188,0.21519474149122833
rank_extension_orth_factor_lam_50,RankExt + FactorOrth,1,8,0.008274174412413305,0.20979252004623414
rank_extension_orth_factor_lam_50,RankExt + FactorOrth,1,9,0.010509758456298732,0.2073358721770346
rank_extension_orth_factor_lam_50,RankExt + FactorOrth,2,1,2.905774266503251,0.26979913854598997
rank_extension_orth_factor_lam_50,RankExt + FactorOrth,2,2,0.16750330465433538,0.24377511793375015
rank_extension_orth_factor_lam_50,RankExt + FactorOrth,2,3,0.07858912111489011,0.2149208847284317
rank_extension_orth_factor_lam_50,RankExt + FactorOrth,2,4,0.03595100008867315,0.20571238400042058
rank_extension_orth_factor_lam_50,RankExt + FactorOrth,2,5,0.016639827912459607,0.2059609181880951
rank_extension_orth_factor_lam_50,RankExt + FactorOrth,2,6,0.011922844008747279,0.20692425787448884
rank_extension_orth_factor_lam_50,RankExt + FactorOrth,2,7,0.0077743898038981395,0.20210368025302888
rank_extension_orth_factor_lam_50,RankExt + FactorOrth,2,8,0.006347328347097484,0.19360580593347548
rank_extension_orth_factor_lam_50,RankExt + FactorOrth,2,9,0.01074624140660162,0.1938237067461014
rank_extension_orth_factor_lam_50,RankExt + FactorOrth,3,1,5.235818624173317,0.24126236605644227
rank_extension_orth_factor_lam_50,RankExt + FactorOrth,3,2,0.24045313168011728,0.18655446958541871
rank_extension_orth_factor_lam_50,RankExt + FactorOrth,3,3,0.1384665503975798,0.1428446545600891
rank_extension_orth_factor_lam_50,RankExt + FactorOrth,3,4,0.09102103677196581,0.18387762212753295
rank_extension_orth_factor_lam_50,RankExt + FactorOrth,3,5,0.059552846171084,0.1709221248626709
rank_extension_orth_factor_lam_50,RankExt + FactorOrth,3,6,0.03880296333036462,0.16138299250602722
rank_extension_orth_factor_lam_50,RankExt + FactorOrth,3,7,0.025962576639578967,0.15675653219223024
rank_extension_orth_factor_lam_50,RankExt + FactorOrth,3,8,0.020059501406196105,0.15500864386558533
rank_extension_orth_factor_lam_50,RankExt + FactorOrth,3,9,0.019365126135013996,0.15892804551124573
rank_extension_orth_factor_lam_50,RankExt + FactorOrth,4,1,7.5178714007212415,0.24943355822574814
rank_extension_orth_factor_lam_50,RankExt + FactorOrth,4,2,0.2645875616312088,0.2612252895869315
rank_extension_orth_factor_lam_50,RankExt + FactorOrth,4,3,0.15097538159762272,0.22338006472564303
rank_extension_orth_factor_lam_50,RankExt + FactorOrth,4,4,0.08780370537023686,0.25060095024481416
rank_extension_orth_factor_lam_50,RankExt + FactorOrth,4,5,0.048236103276645945,0.2248273119926489
rank_extension_orth_factor_lam_50,RankExt + FactorOrth,4,6,0.028724351368966054,0.2328438122272346
rank_extension_orth_factor_lam_50,RankExt + FactorOrth,4,7,0.017293291228717683,0.2238527193069749
rank_extension_orth_factor_lam_50,RankExt + FactorOrth,4,8,0.01176591135492762,0.22601885390281679
rank_extension_orth_factor_lam_50,RankExt + FactorOrth,4,9,0.015887512691011945,0.22470232343674434
rank_extension_orth_factor_lam_50,RankExt + FactorOrth,5,1,8.041729384380105,0.15717413187399507
rank_extension_orth_factor_lam_50,RankExt + FactorOrth,5,2,0.14250990355074344,0.11756514072441496
rank_extension_orth_factor_lam_50,RankExt + FactorOrth,5,3,0.0755024748429948,0.13746513748180586
rank_extension_orth_factor_lam_50,RankExt + FactorOrth,5,4,0.03631251449467706,0.11288453960418701
rank_extension_orth_factor_lam_50,RankExt + FactorOrth,5,5,0.02301914683604216,0.11065756893157959
rank_extension_orth_factor_lam_50,RankExt + FactorOrth,5,6,0.01319312496507784,0.10223095369339717
rank_extension_orth_factor_lam_50,RankExt + FactorOrth,5,7,0.007650316254623368,0.10698936438560849
rank_extension_orth_factor_lam_50,RankExt + FactorOrth,5,8,0.0060984088981252274,0.10988088369370234
rank_extension_orth_factor_lam_50,RankExt + FactorOrth,5,9,0.0069383914256097344,0.10992264556884401
rank_extension_orth_factor_lam_50_kd_T2,RankExt + FactorOrth + KD T2,1,1,1.1347816788306408,0.2435518271625042
rank_extension_orth_factor_lam_50_kd_T2,RankExt + FactorOrth + KD T2,1,2,0.1635576612025988,0.165718651086092
rank_extension_orth_factor_lam_50_kd_T2,RankExt + FactorOrth + KD T2,1,3,0.09186492790849726,0.20263120055943729
rank_extension_orth_factor_lam_50_kd_T2,RankExt + FactorOrth + KD T2,1,4,0.05297166434341859,0.20294617748167365
rank_extension_orth_factor_lam_50_kd_T2,RankExt + FactorOrth + KD T2,1,5,0.02777923410504314,0.24646840047836305
rank_extension_orth_factor_lam_50_kd_T2,RankExt + FactorOrth + KD T2,1,6,0.014750781857702485,0.19677954912139103
rank_extension_orth_factor_lam_50_kd_T2,RankExt + FactorOrth + KD T2,1,7,0.007365441835031188,0.21519474149122833
rank_extension_orth_factor_lam_50_kd_T2,RankExt + FactorOrth + KD T2,1,8,0.008274174412413305,0.20979252004623414
rank_extension_orth_factor_lam_50_kd_T2,RankExt + FactorOrth + KD T2,1,9,0.010509758456298732,0.2073358721770346
rank_extension_orth_factor_lam_50_kd_T2,RankExt + FactorOrth + KD T2,2,1,3.5471000692848293,1.3701950073242188
rank_extension_orth_factor_lam_50_kd_T2,RankExt + FactorOrth + KD T2,2,2,1.0329767376673027,1.116026216506958
rank_extension_orth_factor_lam_50_kd_T2,RankExt + FactorOrth + KD T2,2,3,0.8973272368556163,1.1526359558105468
rank_extension_orth_factor_lam_50_kd_T2,RankExt + FactorOrth + KD T2,2,4,0.8413079627224657,1.0377570791244506
rank_extension_orth_factor_lam_50_kd_T2,RankExt + FactorOrth + KD T2,2,5,0.8057528250530118,1.017847900390625
rank_extension_orth_factor_lam_50_kd_T2,RankExt + FactorOrth + KD T2,2,6,0.7786801004996066,1.0588648982048035
rank_extension_orth_factor_lam_50_kd_T2,RankExt + FactorOrth + KD T2,2,7,0.7603209975312968,1.0407189331054687
rank_extension_orth_factor_lam_50_kd_T2,RankExt + FactorOrth + KD T2,2,8,0.7532960608357289,1.0378436274528504
rank_extension_orth_factor_lam_50_kd_T2,RankExt + FactorOrth + KD T2,2,9,0.7548977019309998,1.042854676246643
rank_extension_orth_factor_lam_50_kd_T2,RankExt + FactorOrth + KD T2,3,1,3.2345654736173914,1.1154029541015624
rank_extension_orth_factor_lam_50_kd_T2,RankExt + FactorOrth + KD T2,3,2,0.9341863022475946,0.9168019409179687
rank_extension_orth_factor_lam_50_kd_T2,RankExt + FactorOrth + KD T2,3,3,0.8136854631001832,0.8001688222885132
rank_extension_orth_factor_lam_50_kd_T2,RankExt + FactorOrth + KD T2,3,4,0.7433012081951391,0.817595947265625
rank_extension_orth_factor_lam_50_kd_T2,RankExt + FactorOrth + KD T2,3,5,0.7031784953641109,0.8176670541763306
rank_extension_orth_factor_lam_50_kd_T2,RankExt + FactorOrth + KD T2,3,6,0.6671234463081985,0.8298586444854736
rank_extension_orth_factor_lam_50_kd_T2,RankExt + FactorOrth + KD T2,3,7,0.6479182541370392,0.8044589824676514
rank_extension_orth_factor_lam_50_kd_T2,RankExt + FactorOrth + KD T2,3,8,0.637140786354659,0.7938879384994507
rank_extension_orth_factor_lam_50_kd_T2,RankExt + FactorOrth + KD T2,3,9,0.6369359954833984,0.8040452890396118
rank_extension_orth_factor_lam_50_kd_T2,RankExt + FactorOrth + KD T2,4,1,3.187970733681599,1.0119677124023438
rank_extension_orth_factor_lam_50_kd_T2,RankExt + FactorOrth + KD T2,4,2,0.9136033858432144,0.8654222407341003
rank_extension_orth_factor_lam_50_kd_T2,RankExt + FactorOrth + KD T2,4,3,0.7727027042967374,0.7935161137580872
rank_extension_orth_factor_lam_50_kd_T2,RankExt + FactorOrth + KD T2,4,4,0.6847036273753057,0.7873399038314819
rank_extension_orth_factor_lam_50_kd_T2,RankExt + FactorOrth + KD T2,4,5,0.633237172150221,0.7509655771255493
rank_extension_orth_factor_lam_50_kd_T2,RankExt + FactorOrth + KD T2,4,6,0.5985397938822137,0.7815026845932007
rank_extension_orth_factor_lam_50_kd_T2,RankExt + FactorOrth + KD T2,4,7,0.578436799420685,0.7612537841796875
rank_extension_orth_factor_lam_50_kd_T2,RankExt + FactorOrth + KD T2,4,8,0.5663186818849845,0.7649930419921875
rank_extension_orth_factor_lam_50_kd_T2,RankExt + FactorOrth + KD T2,4,9,0.5652542875766754,0.7596835947036743
rank_extension_orth_factor_lam_50_kd_T2,RankExt + FactorOrth + KD T2,5,1,2.7856971199110565,0.8186884770393371
rank_extension_orth_factor_lam_50_kd_T2,RankExt + FactorOrth + KD T2,5,2,0.6925047236387847,0.70884130859375
rank_extension_orth_factor_lam_50_kd_T2,RankExt + FactorOrth + KD T2,5,3,0.6064885160962089,0.6418416738510132
rank_extension_orth_factor_lam_50_kd_T2,RankExt + FactorOrth + KD T2,5,4,0.5537191351906198,0.6772753911018372
rank_extension_orth_factor_lam_50_kd_T2,RankExt + FactorOrth + KD T2,5,5,0.5275986872735571,0.6714450678825379
rank_extension_orth_factor_lam_50_kd_T2,RankExt + FactorOrth + KD T2,5,6,0.5041487954679083,0.6315410146713257
rank_extension_orth_factor_lam_50_kd_T2,RankExt + FactorOrth + KD T2,5,7,0.49283516138303474,0.6469243159294128
rank_extension_orth_factor_lam_50_kd_T2,RankExt + FactorOrth + KD T2,5,8,0.4878598801913809,0.6466826171875
rank_extension_orth_factor_lam_50_kd_T2,RankExt + FactorOrth + KD T2,5,9,0.48763053340911866,0.647516845703125
simple_avg,SimpleAvg,1,1,1.171160300248554,0.2503909759372473
simple_avg,SimpleAvg,1,2,0.1715482375828824,0.20820242952555418
simple_avg,SimpleAvg,1,3,0.09319896213099604,0.17538775634765624
simple_avg,SimpleAvg,1,4,0.05255426043552942,0.26648404049873353
simple_avg,SimpleAvg,1,5,0.025536752931895803,0.21778590774536133
simple_avg,SimpleAvg,1,6,0.012899940745899317,0.26282618641853334
simple_avg,SimpleAvg,1,7,0.00831813658969324,0.21840631145238876
simple_avg,SimpleAvg,1,8,0.007003592064634698,0.21946141600608826
simple_avg,SimpleAvg,1,9,0.010911840683221817,0.21656804919242859
simple_avg,SimpleAvg,2,1,1.1342553222237945,0.28273482632637026
simple_avg,SimpleAvg,2,2,0.140101167023159,0.19251509521901608
simple_avg,SimpleAvg,2,3,0.07592560928863604,0.26389874386764134
simple_avg,SimpleAvg,2,4,0.04077876824961945,0.20456976532936097
simple_avg,SimpleAvg,2,5,0.023162820999993422,0.19956872916244903
simple_avg,SimpleAvg,2,6,0.01314844658710604,0.237231842517911
simple_avg,SimpleAvg,2,7,0.008825155304025355,0.23077366638186503
simple_avg,SimpleAvg,2,8,0.006551236656440644,0.23146074986460735
simple_avg,SimpleAvg,2,9,0.010929721936187707,0.2309845867157128
simple_avg,SimpleAvg,3,1,1.1611894899323802,0.3530330982208252
simple_avg,SimpleAvg,3,2,0.21419386929053752,0.18293528294563294
simple_avg,SimpleAvg,3,3,0.13066310977227374,0.24288020205497743
simple_avg,SimpleAvg,3,4,0.08298929288494783,0.2211959295272827
simple_avg,SimpleAvg,3,5,0.049747905953497186,0.2796114835739136
simple_avg,SimpleAvg,3,6,0.027389908280819043,0.31775306463241576
simple_avg,SimpleAvg,3,7,0.014883263618810547,0.29968413996696475
simple_avg,SimpleAvg,3,8,0.011559994252084075,0.3027594449520111
simple_avg,SimpleAvg,3,9,0.015015284915763186,0.2985184347629547
simple_avg,SimpleAvg,4,1,1.260744712006075,0.28925296021997926
simple_avg,SimpleAvg,4,2,0.22139015779143476,0.24990581941604614
simple_avg,SimpleAvg,4,3,0.1292524244379611,0.2747177031035535
simple_avg,SimpleAvg,4,4,0.07002485275390695,0.29501242280006407
simple_avg,SimpleAvg,4,5,0.034262077551072447,0.35953679847717285
simple_avg,SimpleAvg,4,6,0.021823499205579612,0.3560762128829811
simple_avg,SimpleAvg,4,7,0.014684749634866196,0.3542007076740265
simple_avg,SimpleAvg,4,8,0.010533666401465407,0.3340048341750953
simple_avg,SimpleAvg,4,9,0.0157024640671385,0.3376584277153306
simple_avg,SimpleAvg,5,1,1.1261714553397983,0.1656215250492096
simple_avg,SimpleAvg,5,2,0.13044598471119495,0.18499361205287276
simple_avg,SimpleAvg,5,3,0.06434552616622971,0.1727473087273538
simple_avg,SimpleAvg,5,4,0.03486519706747771,0.14828672003751853
simple_avg,SimpleAvg,5,5,0.017277905241143508,0.11891253399848938
simple_avg,SimpleAvg,5,6,0.009021470499354735,0.13007589507009834
simple_avg,SimpleAvg,5,7,0.004629837461840505,0.14838843774807173
simple_avg,SimpleAvg,5,8,0.004167503926270061,0.14078137278551003
simple_avg,SimpleAvg,5,9,0.006613776776001032,0.1360978720189305
simple_avg_factor_orth,SimpleAvg + FactorOrth,1,1,1.1677790485938275,0.29123064421117306
simple_avg_factor_orth,SimpleAvg + FactorOrth,1,2,0.1607151607478984,0.1926202137619257
simple_avg_factor_orth,SimpleAvg + FactorOrth,1,3,0.09151298510250407,0.2390330240735784
simple_avg_factor_orth,SimpleAvg + FactorOrth,1,4,0.050792766347733616,0.22520674872305244
simple_avg_factor_orth,SimpleAvg + FactorOrth,1,5,0.027625413578968364,0.20099971935153008
simple_avg_factor_orth,SimpleAvg + FactorOrth,1,6,0.012851484214551135,0.24058056901395322
simple_avg_factor_orth,SimpleAvg + FactorOrth,1,7,0.010119827841845109,0.23518577884137631
simple_avg_factor_orth,SimpleAvg + FactorOrth,1,8,0.007172348570393147,0.2251611328087747
simple_avg_factor_orth,SimpleAvg + FactorOrth,1,9,0.011567209134002042,0.22706059812754392
simple_avg_factor_orth,SimpleAvg + FactorOrth,2,1,2.456117216869579,0.43169270849227903
simple_avg_factor_orth,SimpleAvg + FactorOrth,2,2,0.19398949184745062,0.2177424989938736
simple_avg_factor_orth,SimpleAvg + FactorOrth,2,3,0.10499987873386164,0.18630964678525924
simple_avg_factor_orth,SimpleAvg + FactorOrth,2,4,0.056184875592589376,0.16905482313036918
simple_avg_factor_orth,SimpleAvg + FactorOrth,2,5,0.03293136721629588,0.1595105142891407
simple_avg_factor_orth,SimpleAvg + FactorOrth,2,6,0.020184183998995263,0.17572363756597043
simple_avg_factor_orth,SimpleAvg + FactorOrth,2,7,0.013213851316602993,0.17024395037442447
simple_avg_factor_orth,SimpleAvg + FactorOrth,2,8,0.010283219625745885,0.16379330967366695
simple_avg_factor_orth,SimpleAvg + FactorOrth,2,9,0.013084665926266462,0.16628979873657226
simple_avg_factor_orth,SimpleAvg + FactorOrth,3,1,2.18963320721581,0.4416594829559326
simple_avg_factor_orth,SimpleAvg + FactorOrth,3,2,0.26028651793594243,0.1996434667110443
simple_avg_factor_orth,SimpleAvg + FactorOrth,3,3,0.16551758292757096,0.1958801064491272
simple_avg_factor_orth,SimpleAvg + FactorOrth,3,4,0.11149992934260212,0.16325255680084227
simple_avg_factor_orth,SimpleAvg + FactorOrth,3,5,0.07794418620770095,0.14809224700927734
simple_avg_factor_orth,SimpleAvg + FactorOrth,3,6,0.05624261210199262,0.1441718225479126
simple_avg_factor_orth,SimpleAvg + FactorOrth,3,7,0.04118657480833716,0.13368953013420104
simple_avg_factor_orth,SimpleAvg + FactorOrth,3,8,0.03231285124192717,0.13532999062538148
simple_avg_factor_orth,SimpleAvg + FactorOrth,3,9,0.030403106051683428,0.13781702041625976
simple_avg_factor_orth,SimpleAvg + FactorOrth,4,1,2.380130185555124,0.45572101962566375
simple_avg_factor_orth,SimpleAvg + FactorOrth,4,2,0.30594188214325513,0.2518325853347778
simple_avg_factor_orth,SimpleAvg + FactorOrth,4,3,0.1839488563013309,0.20074545454606413
simple_avg_factor_orth,SimpleAvg + FactorOrth,4,4,0.11362904580033262,0.22892260074568913
simple_avg_factor_orth,SimpleAvg + FactorOrth,4,5,0.06195568239362147,0.19637390351295472
simple_avg_factor_orth,SimpleAvg + FactorOrth,4,6,0.03951737454435864,0.18001739597320557
simple_avg_factor_orth,SimpleAvg + FactorOrth,4,7,0.023761482699774204,0.17726480579376222
simple_avg_factor_orth,SimpleAvg + FactorOrth,4,8,0.0154779371245956,0.17397602844244103
simple_avg_factor_orth,SimpleAvg + FactorOrth,4,9,0.017079862357769163,0.1703141098023625
simple_avg_factor_orth,SimpleAvg + FactorOrth,5,1,2.28777052171882,0.3344119558334351
simple_avg_factor_orth,SimpleAvg + FactorOrth,5,2,0.16865227260916937,0.1700327952504158
simple_avg_factor_orth,SimpleAvg + FactorOrth,5,3,0.08554370296531219,0.13274283551983534
simple_avg_factor_orth,SimpleAvg + FactorOrth,5,4,0.045281662249968185,0.1278247447088361
simple_avg_factor_orth,SimpleAvg + FactorOrth,5,5,0.02677630542855725,0.12615071940468625
simple_avg_factor_orth,SimpleAvg + FactorOrth,5,6,0.01567768050542819,0.09503140473319217
simple_avg_factor_orth,SimpleAvg + FactorOrth,5,7,0.01066185805658413,0.1096047415737994
simple_avg_factor_orth,SimpleAvg + FactorOrth,5,8,0.007158669018707635,0.10673633956932463
simple_avg_factor_orth,SimpleAvg + FactorOrth,5,9,0.008469241715641692,0.11022729206061922
simple_avg_factor_orth_kd_T2,SimpleAvg + FactorOrth + KD T2,1,1,1.1677790485938275,0.29123064421117306
simple_avg_factor_orth_kd_T2,SimpleAvg + FactorOrth + KD T2,1,2,0.1607151607478984,0.1926202137619257
simple_avg_factor_orth_kd_T2,SimpleAvg + FactorOrth + KD T2,1,3,0.09151298510250407,0.2390330240735784
simple_avg_factor_orth_kd_T2,SimpleAvg + FactorOrth + KD T2,1,4,0.050792766347733616,0.22520674872305244
simple_avg_factor_orth_kd_T2,SimpleAvg + FactorOrth + KD T2,1,5,0.027625413578968364,0.20099971935153008
simple_avg_factor_orth_kd_T2,SimpleAvg + FactorOrth + KD T2,1,6,0.012851484214551135,0.24058056901395322
simple_avg_factor_orth_kd_T2,SimpleAvg + FactorOrth + KD T2,1,7,0.010119827841845109,0.23518577884137631
simple_avg_factor_orth_kd_T2,SimpleAvg + FactorOrth + KD T2,1,8,0.007172348570393147,0.2251611328087747
simple_avg_factor_orth_kd_T2,SimpleAvg + FactorOrth + KD T2,1,9,0.011567209134002042,0.22706059812754392
simple_avg_factor_orth_kd_T2,SimpleAvg + FactorOrth + KD T2,2,1,2.815366774553558,1.0364053964614868
simple_avg_factor_orth_kd_T2,SimpleAvg + FactorOrth + KD T2,2,2,0.7790712175799198,0.8490896587371826
simple_avg_factor_orth_kd_T2,SimpleAvg + FactorOrth + KD T2,2,3,0.693750402087071,0.8147170405387878
simple_avg_factor_orth_kd_T2,SimpleAvg + FactorOrth + KD T2,2,4,0.6518102693753164,0.7332877187728882
simple_avg_factor_orth_kd_T2,SimpleAvg + FactorOrth + KD T2,2,5,0.6147656936137402,0.736363525390625
simple_avg_factor_orth_kd_T2,SimpleAvg + FactorOrth + KD T2,2,6,0.5947650404250036,0.7362778930664062
simple_avg_factor_orth_kd_T2,SimpleAvg + FactorOrth + KD T2,2,7,0.5758602666073158,0.7202646489143372
simple_avg_factor_orth_kd_T2,SimpleAvg + FactorOrth + KD T2,2,8,0.5690354919335882,0.7225048825740814
simple_avg_factor_orth_kd_T2,SimpleAvg + FactorOrth + KD T2,2,9,0.5707687239646911,0.7233049321174622
simple_avg_factor_orth_kd_T2,SimpleAvg + FactorOrth + KD T2,3,1,2.482377921500885,0.9351673603057862
simple_avg_factor_orth_kd_T2,SimpleAvg + FactorOrth + KD T2,3,2,0.7159429472977998,0.7383309307098389
simple_avg_factor_orth_kd_T2,SimpleAvg + FactorOrth + KD T2,3,3,0.6136129561017771,0.6421909189224243
simple_avg_factor_orth_kd_T2,SimpleAvg + FactorOrth + KD T2,3,4,0.5590666598961002,0.635493896484375
simple_avg_factor_orth_kd_T2,SimpleAvg + FactorOrth + KD T2,3,5,0.5152649895089572,0.6473316650390625
simple_avg_factor_orth_kd_T2,SimpleAvg + FactorOrth + KD T2,3,6,0.48785067581739583,0.6182285175323486
simple_avg_factor_orth_kd_T2,SimpleAvg + FactorOrth + KD T2,3,7,0.4680820846166767,0.6157813711166382
simple_avg_factor_orth_kd_T2,SimpleAvg + FactorOrth + KD T2,3,8,0.45663301285173075,0.6067828359603882
simple_avg_factor_orth_kd_T2,SimpleAvg + FactorOrth + KD T2,3,9,0.4544928428173065,0.6118977642059327
simple_avg_factor_orth_kd_T2,SimpleAvg + FactorOrth + KD T2,4,1,2.6571285962668263,1.0014102773666382
simple_avg_factor_orth_kd_T2,SimpleAvg + FactorOrth + KD T2,4,2,0.7690130392058951,0.7256199955940247
simple_avg_factor_orth_kd_T2,SimpleAvg + FactorOrth + KD T2,4,3,0.6381690234922972,0.6794038088321686
simple_avg_factor_orth_kd_T2,SimpleAvg + FactorOrth + KD T2,4,4,0.557362787059096,0.6587269291877746
simple_avg_factor_orth_kd_T2,SimpleAvg + FactorOrth + KD T2,4,5,0.5056181512895178,0.6276724855899811
simple_avg_factor_orth_kd_T2,SimpleAvg + FactorOrth + KD T2,4,6,0.4752745416809301,0.6332677006721497
simple_avg_factor_orth_kd_T2,SimpleAvg + FactorOrth + KD T2,4,7,0.45114982856101676,0.6190695803165436
simple_avg_factor_orth_kd_T2,SimpleAvg + FactorOrth + KD T2,4,8,0.4408616786120368,0.6212077639102935
simple_avg_factor_orth_kd_T2,SimpleAvg + FactorOrth + KD T2,4,9,0.4389417856693268,0.6237711179256439
simple_avg_factor_orth_kd_T2,SimpleAvg + FactorOrth + KD T2,5,1,2.536500708707616,0.9052670888900757
simple_avg_factor_orth_kd_T2,SimpleAvg + FactorOrth + KD T2,5,2,0.5996710706441128,0.6763322758674621
simple_avg_factor_orth_kd_T2,SimpleAvg + FactorOrth + KD T2,5,3,0.5101813603131498,0.58418701171875
simple_avg_factor_orth_kd_T2,SimpleAvg + FactorOrth + KD T2,5,4,0.4650091804441859,0.5727641596794129
simple_avg_factor_orth_kd_T2,SimpleAvg + FactorOrth + KD T2,5,5,0.44086362245630045,0.5349694826602935
simple_avg_factor_orth_kd_T2,SimpleAvg + FactorOrth + KD T2,5,6,0.42166081662060784,0.5229604489803314
simple_avg_factor_orth_kd_T2,SimpleAvg + FactorOrth + KD T2,5,7,0.4104422134454133,0.5421091303825378
simple_avg_factor_orth_kd_T2,SimpleAvg + FactorOrth + KD T2,5,8,0.40558263977042963,0.5311052250862122
simple_avg_factor_orth_kd_T2,SimpleAvg + FactorOrth + KD T2,5,9,0.40683749351501464,0.5386166996955871
simple_avg_kd_T2,SimpleAvg + KD T2,1,1,1.1677790485938275,0.29123064421117306
simple_avg_kd_T2,SimpleAvg + KD T2,1,2,0.1607151607478984,0.1926202137619257
simple_avg_kd_T2,SimpleAvg + KD T2,1,3,0.09151298510250407,0.2390330240735784
simple_avg_kd_T2,SimpleAvg + KD T2,1,4,0.050792766347733616,0.22520674872305244
simple_avg_kd_T2,SimpleAvg + KD T2,1,5,0.027625413578968364,0.20099971935153008
simple_avg_kd_T2,SimpleAvg + KD T2,1,6,0.012851484214551135,0.24058056901395322
simple_avg_kd_T2,SimpleAvg + KD T2,1,7,0.010119827841845109,0.23518577884137631
simple_avg_kd_T2,SimpleAvg + KD T2,1,8,0.007172348570393147,0.2251611328087747
simple_avg_kd_T2,SimpleAvg + KD T2,1,9,0.011567209134002042,0.22706059812754392
simple_avg_kd_T2,SimpleAvg + KD T2,2,1,1.605460095425089,0.8480197749137879
simple_avg_kd_T2,SimpleAvg + KD T2,2,2,0.676050653320844,0.6941168217658996
simple_avg_kd_T2,SimpleAvg + KD T2,2,3,0.6182869440708004,0.7917634274959564
simple_avg_kd_T2,SimpleAvg + KD T2,2,4,0.5899966493004658,0.7071574702262878
simple_avg_kd_T2,SimpleAvg + KD T2,2,5,0.5657391837385835,0.6356645512580872
simple_avg_kd_T2,SimpleAvg + KD T2,2,6,0.5556234978750104,0.6722937009334564
simple_avg_kd_T2,SimpleAvg + KD T2,2,7,0.5411217523891417,0.6880957033634186
simple_avg_kd_T2,SimpleAvg + KD T2,2,8,0.5402570663905535,0.6754404301643372
simple_avg_kd_T2,SimpleAvg + KD T2,2,9,0.5400983813762665,0.6758093264102936
simple_avg_kd_T2,SimpleAvg + KD T2,3,1,1.5054178179383473,0.6683449726104737
simple_avg_kd_T2,SimpleAvg + KD T2,3,2,0.6062140230272637,0.607200927734375
simple_avg_kd_T2,SimpleAvg + KD T2,3,3,0.5235382434286056,0.553513427734375
simple_avg_kd_T2,SimpleAvg + KD T2,3,4,0.47948499331708816,0.5768271474838257
simple_avg_kd_T2,SimpleAvg + KD T2,3,5,0.45102214827889303,0.5743884258270263
simple_avg_kd_T2,SimpleAvg + KD T2,3,6,0.43014241041707213,0.5882045907974243
simple_avg_kd_T2,SimpleAvg + KD T2,3,7,0.4188504949456356,0.5801848134994507
simple_avg_kd_T2,SimpleAvg + KD T2,3,8,0.4128134629765495,0.5820444316864014
simple_avg_kd_T2,SimpleAvg + KD T2,3,9,0.4129041838169098,0.5854111347198486
simple_avg_kd_T2,SimpleAvg + KD T2,4,1,1.5921883064576725,0.6638245847225189
simple_avg_kd_T2,SimpleAvg + KD T2,4,2,0.5949889498655914,0.6070048823356629
simple_avg_kd_T2,SimpleAvg + KD T2,4,3,0.4977669880038402,0.6124184575080872
simple_avg_kd_T2,SimpleAvg + KD T2,4,4,0.4467949459787275,0.6399172360897064
simple_avg_kd_T2,SimpleAvg + KD T2,4,5,0.41627214736625795,0.5893212893009185
simple_avg_kd_T2,SimpleAvg + KD T2,4,6,0.4058484353491517,0.62326513671875
simple_avg_kd_T2,SimpleAvg + KD T2,4,7,0.3938334222211212,0.6223574223518371
simple_avg_kd_T2,SimpleAvg + KD T2,4,8,0.3890547855467093,0.6122856442928314
simple_avg_kd_T2,SimpleAvg + KD T2,4,9,0.39167275428771975,0.6144182124137878
simple_avg_kd_T2,SimpleAvg + KD T2,5,1,1.4369237307343272,0.6017271723747254
simple_avg_kd_T2,SimpleAvg + KD T2,5,2,0.48030374118539154,0.5159194331169128
simple_avg_kd_T2,SimpleAvg + KD T2,5,3,0.4244601644453455,0.5007707517147064
simple_avg_kd_T2,SimpleAvg + KD T2,5,4,0.3988054135783774,0.5172341310977936
simple_avg_kd_T2,SimpleAvg + KD T2,5,5,0.3885317492680471,0.4955864253044128
simple_avg_kd_T2,SimpleAvg + KD T2,5,6,0.38040992402639545,0.5084479982852936
simple_avg_kd_T2,SimpleAvg + KD T2,5,7,0.37482268912870376,0.5129494631290435
simple_avg_kd_T2,SimpleAvg + KD T2,5,8,0.37290510833263396,0.5105317380428315
simple_avg_kd_T2,SimpleAvg + KD T2,5,9,0.37332266597747804,0.5099902338981629
