method_name,display_name,family,base_method,step_id,epoch,uses_kd,kd_temperature,kd_weight,uses_delta_trace,uses_factor_orth,lambda_orth,lambda_delta_trace,lambda_factor_orth,orth_type,rank,rank_schedule,target_modules,train_ce_loss,train_total_loss,train_kd_loss_raw,train_kd_loss_weighted,train_delta_trace_loss_raw,train_delta_trace_loss_weighted,train_factor_orth_loss_raw,train_factor_orth_loss_weighted,train_delta_trace_weighted_over_ce,train_factor_orth_weighted_over_ce,train_kd_weighted_over_ce,val_ce_loss,val_total_loss,learning_rate
rank_extension,RankExt,rank_extension,rank_extension,1,1,False,0.0,0.0,False,False,0.0,0.0,0.0,none,80,16->32->48->64->80,"q_proj, v_proj",1.3417462185543463,1.3417462185543463,,,,,,,,,,0.2540390701442957,,8.430152761045664e-05
rank_extension,RankExt,rank_extension,rank_extension,1,2,False,0.0,0.0,False,False,0.0,0.0,0.0,none,80,16->32->48->64->80,"q_proj, v_proj",0.1528027853027719,0.1528027853027719,,,,,,,,,,0.1753596134185791,,3.018935110253619e-05
rank_extension,RankExt,rank_extension,rank_extension,1,3,False,0.0,0.0,False,False,0.0,0.0,0.0,none,80,16->32->48->64->80,"q_proj, v_proj",0.09517956813573837,0.09517956813573837,,,,,,,,,,0.15518861386179925,,0.0
rank_extension,RankExt,rank_extension,rank_extension,2,1,False,0.0,0.0,False,False,0.0,0.0,0.0,none,80,16->32->48->64->80,"q_proj, v_proj",2.0049971306480088,2.0049971306480088,,,,,,,,,,0.31751444983482363,,8.430152761045664e-05
rank_extension,RankExt,rank_extension,rank_extension,2,2,False,0.0,0.0,False,False,0.0,0.0,0.0,none,80,16->32->48->64->80,"q_proj, v_proj",0.16276199876590342,0.16276199876590342,,,,,,,,,,0.2162800140529871,,3.018935110253619e-05
rank_extension,RankExt,rank_extension,rank_extension,2,3,False,0.0,0.0,False,False,0.0,0.0,0.0,none,80,16->32->48->64->80,"q_proj, v_proj",0.09075192857682705,0.09075192857682705,,,,,,,,,,0.19749121093004943,,0.0
rank_extension,RankExt,rank_extension,rank_extension,3,1,False,0.0,0.0,False,False,0.0,0.0,0.0,none,80,16->32->48->64->80,"q_proj, v_proj",1.9681116088907769,1.9681116088907769,,,,,,,,,,0.32154318284988403,,8.430152761045664e-05
rank_extension,RankExt,rank_extension,rank_extension,3,2,False,0.0,0.0,False,False,0.0,0.0,0.0,none,80,16->32->48->64->80,"q_proj, v_proj",0.23585617290657074,0.23585617290657074,,,,,,,,,,0.19376742839813232,,3.018935110253619e-05
rank_extension,RankExt,rank_extension,rank_extension,3,3,False,0.0,0.0,False,False,0.0,0.0,0.0,none,80,16->32->48->64->80,"q_proj, v_proj",0.15300403728485107,0.15300403728485107,,,,,,,,,,0.1733098840713501,,0.0
rank_extension,RankExt,rank_extension,rank_extension,4,1,False,0.0,0.0,False,False,0.0,0.0,0.0,none,80,16->32->48->64->80,"q_proj, v_proj",2.192163253815787,2.192163253815787,,,,,,,,,,0.5298495488166809,,8.430152761045664e-05
rank_extension,RankExt,rank_extension,rank_extension,4,2,False,0.0,0.0,False,False,0.0,0.0,0.0,none,80,16->32->48->64->80,"q_proj, v_proj",0.34063054242583574,0.34063054242583574,,,,,,,,,,0.34605430614948274,,3.018935110253619e-05
rank_extension,RankExt,rank_extension,rank_extension,4,3,False,0.0,0.0,False,False,0.0,0.0,0.0,none,80,16->32->48->64->80,"q_proj, v_proj",0.2121327994823456,0.2121327994823456,,,,,,,,,,0.3082778013944626,,0.0
rank_extension,RankExt,rank_extension,rank_extension,5,1,False,0.0,0.0,False,False,0.0,0.0,0.0,none,80,16->32->48->64->80,"q_proj, v_proj",1.9204843443880886,1.9204843443880886,,,,,,,,,,0.2490149078965187,,8.430152761045664e-05
rank_extension,RankExt,rank_extension,rank_extension,5,2,False,0.0,0.0,False,False,0.0,0.0,0.0,none,80,16->32->48->64->80,"q_proj, v_proj",0.1343701188231162,0.1343701188231162,,,,,,,,,,0.18701087189465762,,3.018935110253619e-05
rank_extension,RankExt,rank_extension,rank_extension,5,3,False,0.0,0.0,False,False,0.0,0.0,0.0,none,80,16->32->48->64->80,"q_proj, v_proj",0.07530282837748528,0.07530282837748528,,,,,,,,,,0.15965299986302853,,0.0
rank_extension_kd_only_T1,RankExt + KD T1,rank_extension,rank_extension_kd_only,1,1,True,1.0,0.0,False,False,0.0,0.0,0.0,none,80,16->32->48->64->80,"q_proj, v_proj",1.3417462185543463,1.3417462185543463,0.0,0.0,,,,,,,0.0,0.2540390701442957,,8.430152761045664e-05
rank_extension_kd_only_T1,RankExt + KD T1,rank_extension,rank_extension_kd_only,1,2,True,1.0,0.0,False,False,0.0,0.0,0.0,none,80,16->32->48->64->80,"q_proj, v_proj",0.1528027853027719,0.1528027853027719,0.0,0.0,,,,,,,0.0,0.1753596134185791,,3.018935110253619e-05
rank_extension_kd_only_T1,RankExt + KD T1,rank_extension,rank_extension_kd_only,1,3,True,1.0,0.0,False,False,0.0,0.0,0.0,none,80,16->32->48->64->80,"q_proj, v_proj",0.09517956813573837,0.09517956813573837,0.0,0.0,,,,,,,0.0,0.15518861386179925,,0.0
rank_extension_kd_only_T1,RankExt + KD T1,rank_extension,rank_extension_kd_only,2,1,True,1.0,1.0,False,False,0.0,0.0,0.0,none,80,16->32->48->64->80,"q_proj, v_proj",2.6246041705292296,3.396792569254112,0.7721883870781103,0.7721883870781103,,,,,,,0.5605143637598057,1.18052197265625,,8.430152761045664e-05
rank_extension_kd_only_T1,RankExt + KD T1,rank_extension,rank_extension_kd_only,2,2,True,1.0,1.0,False,False,0.0,0.0,0.0,none,80,16->32->48->64->80,"q_proj, v_proj",1.0036127777373205,1.8583572694512664,0.8547444903459706,0.8547444903459706,,,,,,,0.8912436429746021,1.1103386249542235,,3.018935110253619e-05
rank_extension_kd_only_T1,RankExt + KD T1,rank_extension,rank_extension_kd_only,2,3,True,1.0,1.0,False,False,0.0,0.0,0.0,none,80,16->32->48->64->80,"q_proj, v_proj",0.9486708821296692,1.7755578073501588,0.826886925315857,0.826886925315857,,,,,,,0.9058356543511707,1.10128759765625,,0.0
rank_extension_kd_only_T1,RankExt + KD T1,rank_extension,rank_extension_kd_only,3,1,True,1.0,1.0,False,False,0.0,0.0,0.0,none,80,16->32->48->64->80,"q_proj, v_proj",2.4200033504521983,3.101622730347217,0.6816193774251462,0.6816193774251462,,,,,,,0.5180091186124214,1.1383981924057007,,8.430152761045664e-05
rank_extension_kd_only_T1,RankExt + KD T1,rank_extension,rank_extension_kd_only,3,2,True,1.0,1.0,False,False,0.0,0.0,0.0,none,80,16->32->48->64->80,"q_proj, v_proj",1.012192509408857,1.80871803623731,0.7965255276101535,0.7965255276101535,,,,,,,0.8169320262015709,1.0354296855926515,,3.018935110253619e-05
rank_extension_kd_only_T1,RankExt + KD T1,rank_extension,rank_extension_kd_only,3,3,True,1.0,1.0,False,False,0.0,0.0,0.0,none,80,16->32->48->64->80,"q_proj, v_proj",0.9518309430122376,1.7301769580841064,0.7783460141181946,0.7783460141181946,,,,,,,0.8481849561678102,1.0343544902801514,,0.0
rank_extension_kd_only_T1,RankExt + KD T1,rank_extension,rank_extension_kd_only,4,1,True,1.0,1.0,False,False,0.0,0.0,0.0,none,80,16->32->48->64->80,"q_proj, v_proj",2.4750091455962187,3.145505175848054,0.6704960311400977,0.6704960311400977,,,,,,,0.46934606931104517,1.1815769033432006,,8.430152761045664e-05
rank_extension_kd_only_T1,RankExt + KD T1,rank_extension,rank_extension_kd_only,4,2,True,1.0,1.0,False,False,0.0,0.0,0.0,none,80,16->32->48->64->80,"q_proj, v_proj",1.063527640651484,1.8729673027992249,0.8094396604866277,0.8094396604866277,,,,,,,0.7927322760421592,1.0879343256950378,,3.018935110253619e-05
rank_extension_kd_only_T1,RankExt + KD T1,rank_extension,rank_extension_kd_only,4,3,True,1.0,1.0,False,False,0.0,0.0,0.0,none,80,16->32->48->64->80,"q_proj, v_proj",0.9756156509399414,1.7731441871643066,0.7975285387992859,0.7975285387992859,,,,,,,0.8457724160399254,1.0627543940544129,,0.0
rank_extension_kd_only_T1,RankExt + KD T1,rank_extension,rank_extension_kd_only,5,1,True,1.0,1.0,False,False,0.0,0.0,0.0,none,80,16->32->48->64->80,"q_proj, v_proj",2.278468907172083,2.9377262106503674,0.6592573022653552,0.6592573022653552,,,,,,,0.55586315415118,1.0839414072036744,,8.430152761045664e-05
rank_extension_kd_only_T1,RankExt + KD T1,rank_extension,rank_extension_kd_only,5,2,True,1.0,1.0,False,False,0.0,0.0,0.0,none,80,16->32->48->64->80,"q_proj, v_proj",0.9003919249675313,1.6805477679752914,0.7801558435940351,0.7801558435940351,,,,,,,0.8944748053194955,0.9509165043830872,,3.018935110253619e-05
rank_extension_kd_only_T1,RankExt + KD T1,rank_extension,rank_extension_kd_only,5,3,True,1.0,1.0,False,False,0.0,0.0,0.0,none,80,16->32->48->64->80,"q_proj, v_proj",0.8541059905052185,1.6188969268798827,0.7647909372329712,0.7647909372329712,,,,,,,0.9184957515471353,0.9509873056411743,,0.0
rank_extension_kd_only_T2,RankExt + KD T2,rank_extension,rank_extension_kd_only,1,1,True,2.0,0.0,False,False,0.0,0.0,0.0,none,80,16->32->48->64->80,"q_proj, v_proj",1.3417462185543463,1.3417462185543463,0.0,0.0,,,,,,,0.0,0.2540390701442957,,8.430152761045664e-05
rank_extension_kd_only_T2,RankExt + KD T2,rank_extension,rank_extension_kd_only,1,2,True,2.0,0.0,False,False,0.0,0.0,0.0,none,80,16->32->48->64->80,"q_proj, v_proj",0.1528027853027719,0.1528027853027719,0.0,0.0,,,,,,,0.0,0.1753596134185791,,3.018935110253619e-05
rank_extension_kd_only_T2,RankExt + KD T2,rank_extension,rank_extension_kd_only,1,3,True,2.0,0.0,False,False,0.0,0.0,0.0,none,80,16->32->48->64->80,"q_proj, v_proj",0.09517956813573837,0.09517956813573837,0.0,0.0,,,,,,,0.0,0.15518861386179925,,0.0
rank_extension_kd_only_T2,RankExt + KD T2,rank_extension,rank_extension_kd_only,2,1,True,2.0,1.0,False,False,0.0,0.0,0.0,none,80,16->32->48->64->80,"q_proj, v_proj",2.5859354415423743,3.745086110945419,1.1591506613911557,1.1591506613911557,,,,,,,0.9185471917261864,1.0789700922966003,,8.430152761045664e-05
rank_extension_kd_only_T2,RankExt + KD T2,rank_extension,rank_extension_kd_only,2,2,True,2.0,1.0,False,False,0.0,0.0,0.0,none,80,16->32->48->64->80,"q_proj, v_proj",0.9010623895731129,2.1715952120843482,1.2705328232929354,1.2705328232929354,,,,,,,1.501185896739408,1.0054028310775758,,3.018935110253619e-05
rank_extension_kd_only_T2,RankExt + KD T2,rank_extension,rank_extension_kd_only,2,3,True,2.0,1.0,False,False,0.0,0.0,0.0,none,80,16->32->48->64->80,"q_proj, v_proj",0.8331560151100159,2.080345322418213,1.247189305782318,1.247189305782318,,,,,,,1.5802308978530397,1.0143662099838258,,0.0
rank_extension_kd_only_T2,RankExt + KD T2,rank_extension,rank_extension_kd_only,3,1,True,2.0,1.0,False,False,0.0,0.0,0.0,none,80,16->32->48->64->80,"q_proj, v_proj",2.2311826759976765,3.114437344811747,0.8832546665147252,0.8832546665147252,,,,,,,0.8254652457180452,0.8559560527801514,,8.430152761045664e-05
rank_extension_kd_only_T2,RankExt + KD T2,rank_extension,rank_extension_kd_only,3,2,True,2.0,1.0,False,False,0.0,0.0,0.0,none,80,16->32->48->64->80,"q_proj, v_proj",0.7724142543605117,1.761020239259376,0.9886059835308888,0.9886059835308888,,,,,,,1.3641716211871802,0.780918701171875,,3.018935110253619e-05
rank_extension_kd_only_T2,RankExt + KD T2,rank_extension,rank_extension_kd_only,3,3,True,2.0,1.0,False,False,0.0,0.0,0.0,none,80,16->32->48->64->80,"q_proj, v_proj",0.7051748151302337,1.6707970975875854,0.9656222811698913,0.9656222811698913,,,,,,,1.4563509036965359,0.7775754375457764,,0.0
rank_extension_kd_only_T2,RankExt + KD T2,rank_extension,rank_extension_kd_only,4,1,True,2.0,1.0,False,False,0.0,0.0,0.0,none,80,16->32->48->64->80,"q_proj, v_proj",2.2702703382301643,3.095391453190443,0.825121112342744,0.825121112342744,,,,,,,0.7068998440845309,0.9128244638442993,,8.430152761045664e-05
rank_extension_kd_only_T2,RankExt + KD T2,rank_extension,rank_extension_kd_only,4,2,True,2.0,1.0,False,False,0.0,0.0,0.0,none,80,16->32->48->64->80,"q_proj, v_proj",0.7894736480517466,1.731761763721216,0.9422881156694694,0.9422881156694694,,,,,,,1.2864613535112177,0.7940654292106628,,3.018935110253619e-05
rank_extension_kd_only_T2,RankExt + KD T2,rank_extension,rank_extension_kd_only,4,3,True,2.0,1.0,False,False,0.0,0.0,0.0,none,80,16->32->48->64->80,"q_proj, v_proj",0.691855898475647,1.6127816535949706,0.9209257561683655,0.9209257561683655,,,,,,,1.4257878997614282,0.7842038578987122,,0.0
rank_extension_kd_only_T2,RankExt + KD T2,rank_extension,rank_extension_kd_only,5,1,True,2.0,1.0,False,False,0.0,0.0,0.0,none,80,16->32->48->64->80,"q_proj, v_proj",2.0391966932729106,2.778749858689191,0.7395531697244095,0.7395531697244095,,,,,,,0.8510113910704002,0.7191047372817994,,8.430152761045664e-05
rank_extension_kd_only_T2,RankExt + KD T2,rank_extension,rank_extension_kd_only,5,2,True,2.0,1.0,False,False,0.0,0.0,0.0,none,80,16->32->48->64->80,"q_proj, v_proj",0.5960182969198853,1.429764597337754,0.8337463016392754,0.8337463016392754,,,,,,,1.491373288364597,0.6232746577262879,,3.018935110253619e-05
rank_extension_kd_only_T2,RankExt + KD T2,rank_extension,rank_extension_kd_only,5,3,True,2.0,1.0,False,False,0.0,0.0,0.0,none,80,16->32->48->64->80,"q_proj, v_proj",0.5408875854492188,1.3556954782485962,0.8148078930854797,0.8148078930854797,,,,,,,1.5821709498430887,0.62530224609375,,0.0
rank_extension_orth_delta_trace_lam_50,RankExt + DeltaTrace,rank_extension,rank_extension_orth_delta_trace_lam_50,1,1,False,0.0,0.0,True,False,50.0,50.0,0.0,delta_trace,80,16->32->48->64->80,"q_proj, v_proj",1.3417462185543463,1.3417462185543463,,,0.0,0.0,,,0.0,,,0.2540390701442957,,8.430152761045664e-05
rank_extension_orth_delta_trace_lam_50,RankExt + DeltaTrace,rank_extension,rank_extension_orth_delta_trace_lam_50,1,2,False,0.0,0.0,True,False,50.0,50.0,0.0,delta_trace,80,16->32->48->64->80,"q_proj, v_proj",0.1528027853027719,0.1528027853027719,,,0.0,0.0,,,0.0,,,0.1753596134185791,,3.018935110253619e-05
rank_extension_orth_delta_trace_lam_50,RankExt + DeltaTrace,rank_extension,rank_extension_orth_delta_trace_lam_50,1,3,False,0.0,0.0,True,False,50.0,50.0,0.0,delta_trace,80,16->32->48->64->80,"q_proj, v_proj",0.09517956813573837,0.09517956813573837,,,0.0,0.0,,,0.0,,,0.15518861386179925,,0.0
rank_extension_orth_delta_trace_lam_50,RankExt + DeltaTrace,rank_extension,rank_extension_orth_delta_trace_lam_50,2,1,False,0.0,0.0,True,False,50.0,50.0,0.0,delta_trace,80,16->32->48->64->80,"q_proj, v_proj",2.0479956146835696,2.0562299687823864,,,0.00016468725283037662,0.008234362635274474,,,0.018835634653360706,,,0.3525737149715424,,8.430152761045664e-05
rank_extension_orth_delta_trace_lam_50,RankExt + DeltaTrace,rank_extension,rank_extension_orth_delta_trace_lam_50,2,2,False,0.0,0.0,True,False,50.0,50.0,0.0,delta_trace,80,16->32->48->64->80,"q_proj, v_proj",0.1786597363314912,0.18498080702284808,,,0.0001264214104534791,0.006321070531810649,,,0.07528820476254366,,,0.23285710527002812,,3.018935110253619e-05
rank_extension_orth_delta_trace_lam_50,RankExt + DeltaTrace,rank_extension,rank_extension_orth_delta_trace_lam_50,2,3,False,0.0,0.0,True,False,50.0,50.0,0.0,delta_trace,80,16->32->48->64->80,"q_proj, v_proj",0.10156385354995727,0.10277764771059156,,,2.427588543767456e-05,0.001213794273462554,,,0.03417413808234602,,,0.20832325744628907,,0.0
rank_extension_orth_delta_trace_lam_50,RankExt + DeltaTrace,rank_extension,rank_extension_orth_delta_trace_lam_50,3,1,False,0.0,0.0,True,False,50.0,50.0,0.0,delta_trace,80,16->32->48->64->80,"q_proj, v_proj",1.9742582927163805,1.982033656547288,,,0.00015550717963888432,0.0077753589773391085,,,0.01513255705783334,,,0.3501424398422241,,8.430152761045664e-05
rank_extension_orth_delta_trace_lam_50,RankExt + DeltaTrace,rank_extension,rank_extension_orth_delta_trace_lam_50,3,2,False,0.0,0.0,True,False,50.0,50.0,0.0,delta_trace,80,16->32->48->64->80,"q_proj, v_proj",0.2536381259316304,0.2606923695287255,,,0.00014108486629098836,0.007054243308156118,,,0.042088154491761634,,,0.21192335557937622,,3.018935110253619e-05
rank_extension_orth_delta_trace_lam_50,RankExt + DeltaTrace,rank_extension,rank_extension_orth_delta_trace_lam_50,3,3,False,0.0,0.0,True,False,50.0,50.0,0.0,delta_trace,80,16->32->48->64->80,"q_proj, v_proj",0.16802662982940675,0.16942004152089357,,,2.786823353353611e-05,0.0013934116779339093,,,0.016189805008431226,,,0.19025900936126708,,0.0
rank_extension_orth_delta_trace_lam_50,RankExt + DeltaTrace,rank_extension,rank_extension_orth_delta_trace_lam_50,4,1,False,0.0,0.0,True,False,50.0,50.0,0.0,delta_trace,80,16->32->48->64->80,"q_proj, v_proj",2.3359534703865767,2.3604213468328044,,,0.0004893575659526265,0.02446787830297814,,,0.025189562053161706,,,0.6086646115779877,,8.430152761045664e-05
rank_extension_orth_delta_trace_lam_50,RankExt + DeltaTrace,rank_extension,rank_extension_orth_delta_trace_lam_50,4,2,False,0.0,0.0,True,False,50.0,50.0,0.0,delta_trace,80,16->32->48->64->80,"q_proj, v_proj",0.3807948640135468,0.4009973399707528,,,0.0004040495060254499,0.02020247527321831,,,0.06833114545745458,,,0.37019349694252013,,3.018935110253619e-05
rank_extension_orth_delta_trace_lam_50,RankExt + DeltaTrace,rank_extension,rank_extension_orth_delta_trace_lam_50,4,3,False,0.0,0.0,True,False,50.0,50.0,0.0,delta_trace,80,16->32->48->64->80,"q_proj, v_proj",0.24226266121864318,0.24565457076430322,,,6.783818136804029e-05,0.0033919090662984674,,,0.020439768817955766,,,0.31948638916015626,,0.0
rank_extension_orth_delta_trace_lam_50,RankExt + DeltaTrace,rank_extension,rank_extension_orth_delta_trace_lam_50,5,1,False,0.0,0.0,True,False,50.0,50.0,0.0,delta_trace,80,16->32->48->64->80,"q_proj, v_proj",1.925409912685033,1.9377326973867885,,,0.0002464556641353156,0.012322783210767706,,,0.03125832059074061,,,0.30300933825969695,,8.430152761045664e-05
rank_extension_orth_delta_trace_lam_50,RankExt + DeltaTrace,rank_extension,rank_extension_orth_delta_trace_lam_50,5,2,False,0.0,0.0,True,False,50.0,50.0,0.0,delta_trace,80,16->32->48->64->80,"q_proj, v_proj",0.17127056059534432,0.18309244016093798,,,0.00023643759540406238,0.011821879777049677,,,0.12577224246595292,,,0.1833552628159523,,3.018935110253619e-05
rank_extension_orth_delta_trace_lam_50,RankExt + DeltaTrace,rank_extension,rank_extension_orth_delta_trace_lam_50,5,3,False,0.0,0.0,True,False,50.0,50.0,0.0,delta_trace,80,16->32->48->64->80,"q_proj, v_proj",0.0976668200969696,0.09984492221027613,,,4.3562041766142554e-05,0.0021781020839658593,,,0.050316334469321364,,,0.15207962787151336,,0.0
rank_extension_orth_delta_trace_lam_50_kd_T1,RankExt + DeltaTrace + KD T1,rank_extension,rank_extension_orth_delta_trace_lam_50_kd,1,1,True,1.0,0.0,True,False,50.0,50.0,0.0,delta_trace,80,16->32->48->64->80,"q_proj, v_proj",1.3417462185543463,1.3417462185543463,0.0,0.0,0.0,0.0,,,0.0,,0.0,0.2540390701442957,,8.430152761045664e-05
rank_extension_orth_delta_trace_lam_50_kd_T1,RankExt + DeltaTrace + KD T1,rank_extension,rank_extension_orth_delta_trace_lam_50_kd,1,2,True,1.0,0.0,True,False,50.0,50.0,0.0,delta_trace,80,16->32->48->64->80,"q_proj, v_proj",0.1528027853027719,0.1528027853027719,0.0,0.0,0.0,0.0,,,0.0,,0.0,0.1753596134185791,,3.018935110253619e-05
rank_extension_orth_delta_trace_lam_50_kd_T1,RankExt + DeltaTrace + KD T1,rank_extension,rank_extension_orth_delta_trace_lam_50_kd,1,3,True,1.0,0.0,True,False,50.0,50.0,0.0,delta_trace,80,16->32->48->64->80,"q_proj, v_proj",0.09517956813573837,0.09517956813573837,0.0,0.0,0.0,0.0,,,0.0,,0.0,0.15518861386179925,,0.0
rank_extension_orth_delta_trace_lam_50_kd_T1,RankExt + DeltaTrace + KD T1,rank_extension,rank_extension_orth_delta_trace_lam_50_kd,2,1,True,1.0,1.0,True,False,50.0,50.0,0.0,delta_trace,80,16->32->48->64->80,"q_proj, v_proj",2.6548123990845562,3.4330671136000737,0.7717520319565189,0.7717520319565189,0.00013005348590425312,0.006502674300125054,,,0.004608662540748408,,0.5504163777232177,1.1957031269073486,,8.430152761045664e-05
rank_extension_orth_delta_trace_lam_50_kd_T1,RankExt + DeltaTrace + KD T1,rank_extension,rank_extension_orth_delta_trace_lam_50_kd,2,2,True,1.0,1.0,True,False,50.0,50.0,0.0,delta_trace,80,16->32->48->64->80,"q_proj, v_proj",1.012464381534545,1.8720663830882214,0.8563414644022457,0.8563414644022457,6.521075561589687e-05,0.00326053778398553,,,0.003307492989489462,,0.8857593488485678,1.11341552734375,,3.018935110253619e-05
rank_extension_orth_delta_trace_lam_50_kd_T1,RankExt + DeltaTrace + KD T1,rank_extension,rank_extension_orth_delta_trace_lam_50_kd,2,3,True,1.0,1.0,True,False,50.0,50.0,0.0,delta_trace,80,16->32->48->64->80,"q_proj, v_proj",0.9561203488349914,1.7872495672225952,0.8304967959403992,0.8304967959403992,1.2648477969602822e-05,0.0006324238980219888,,,0.000686926042121828,,0.9033755454237434,1.1038271503448487,,0.0
rank_extension_orth_delta_trace_lam_50_kd_T1,RankExt + DeltaTrace + KD T1,rank_extension,rank_extension_orth_delta_trace_lam_50_kd,3,1,True,1.0,1.0,True,False,50.0,50.0,0.0,delta_trace,80,16->32->48->64->80,"q_proj, v_proj",2.459846025793135,3.1463445610383527,0.678363485513396,0.678363485513396,0.0001627009662955503,0.008135048310059977,,,0.005834832583715126,,0.5029825002567256,1.1539924306869507,,8.430152761045664e-05
rank_extension_orth_delta_trace_lam_50_kd_T1,RankExt + DeltaTrace + KD T1,rank_extension,rank_extension_orth_delta_trace_lam_50_kd,3,2,True,1.0,1.0,True,False,50.0,50.0,0.0,delta_trace,80,16->32->48->64->80,"q_proj, v_proj",1.023837016645025,1.8258142195764135,0.7974376878777488,0.7974376878777488,9.079030649326207e-05,0.004539515311089268,,,0.004513291324718673,,0.8084832926778368,1.0534399394989014,,3.018935110253619e-05
rank_extension_orth_delta_trace_lam_50_kd_T1,RankExt + DeltaTrace + KD T1,rank_extension,rank_extension_orth_delta_trace_lam_50_kd,3,3,True,1.0,1.0,True,False,50.0,50.0,0.0,delta_trace,80,16->32->48->64->80,"q_proj, v_proj",0.9625011221885681,1.743908152770996,0.780537997341156,0.780537997341156,1.738067729360182e-05,0.0008690338646612872,,,0.0009261137281222144,,0.84125149337356,1.0414301748275756,,0.0
rank_extension_orth_delta_trace_lam_50_kd_T1,RankExt + DeltaTrace + KD T1,rank_extension,rank_extension_orth_delta_trace_lam_50_kd,4,1,True,1.0,1.0,True,False,50.0,50.0,0.0,delta_trace,80,16->32->48->64->80,"q_proj, v_proj",2.518269884215634,3.1908495030114383,0.6645546536983156,0.6645546536983156,0.000160499293749298,0.008024964667303257,,,0.005232900746832206,,0.45186956402151035,1.2351127939224242,,8.430152761045664e-05
rank_extension_orth_delta_trace_lam_50_kd_T1,RankExt + DeltaTrace + KD T1,rank_extension,rank_extension_orth_delta_trace_lam_50_kd,4,2,True,1.0,1.0,True,False,50.0,50.0,0.0,delta_trace,80,16->32->48->64->80,"q_proj, v_proj",1.0825982382063006,1.8954769197057506,0.8074677999879493,0.8074677999879493,0.00010821761975645042,0.005410880984769004,,,0.005117303534908906,,0.7764742495984078,1.119640137195587,,3.018935110253619e-05
rank_extension_orth_delta_trace_lam_50_kd_T1,RankExt + DeltaTrace + KD T1,rank_extension,rank_extension_orth_delta_trace_lam_50_kd,4,3,True,1.0,1.0,True,False,50.0,50.0,0.0,delta_trace,80,16->32->48->64->80,"q_proj, v_proj",0.9931119556427002,1.7908497072219849,0.7968256969451905,0.7968256969451905,1.8241136218776432e-05,0.0009120568107269718,,,0.0009456605664263541,,0.8310215122733309,1.0996074228286743,,0.0
rank_extension_orth_delta_trace_lam_50_kd_T1,RankExt + DeltaTrace + KD T1,rank_extension,rank_extension_orth_delta_trace_lam_50_kd,5,1,True,1.0,1.0,True,False,50.0,50.0,0.0,delta_trace,80,16->32->48->64->80,"q_proj, v_proj",2.337425380993982,3.0035785621980207,0.6554851116806516,0.6554851116806516,0.00021336133744091456,0.010668066872015214,,,0.008532913066730572,,0.5312303607234049,1.1151542973518371,,8.430152761045664e-05
rank_extension_orth_delta_trace_lam_50_kd_T1,RankExt + DeltaTrace + KD T1,rank_extension,rank_extension_orth_delta_trace_lam_50_kd,5,2,True,1.0,1.0,True,False,50.0,50.0,0.0,delta_trace,80,16->32->48->64->80,"q_proj, v_proj",0.9196189104533586,1.7098744232146466,0.783830179054229,0.783830179054229,0.00012850665179492532,0.006425332573822654,,,0.007106463098541108,,0.8812916304158749,0.9717373037338257,,3.018935110253619e-05
rank_extension_orth_delta_trace_lam_50_kd_T1,RankExt + DeltaTrace + KD T1,rank_extension,rank_extension_orth_delta_trace_lam_50_kd,5,3,True,1.0,1.0,True,False,50.0,50.0,0.0,delta_trace,80,16->32->48->64->80,"q_proj, v_proj",0.8692027660369873,1.641809009552002,0.7713552890777587,0.7713552890777587,2.501915036809237e-05,0.0012509575155438143,,,0.0014771303122812073,,0.9111687766332951,0.9686591787338257,,0.0
rank_extension_orth_delta_trace_lam_50_kd_T2,RankExt + DeltaTrace + KD T2,rank_extension,rank_extension_orth_delta_trace_lam_50_kd,1,1,True,2.0,0.0,True,False,50.0,50.0,0.0,delta_trace,80,16->32->48->64->80,"q_proj, v_proj",1.3417462185543463,1.3417462185543463,0.0,0.0,0.0,0.0,,,0.0,,0.0,0.2540390701442957,,8.430152761045664e-05
rank_extension_orth_delta_trace_lam_50_kd_T2,RankExt + DeltaTrace + KD T2,rank_extension,rank_extension_orth_delta_trace_lam_50_kd,1,2,True,2.0,0.0,True,False,50.0,50.0,0.0,delta_trace,80,16->32->48->64->80,"q_proj, v_proj",0.1528027853027719,0.1528027853027719,0.0,0.0,0.0,0.0,,,0.0,,0.0,0.1753596134185791,,3.018935110253619e-05
rank_extension_orth_delta_trace_lam_50_kd_T2,RankExt + DeltaTrace + KD T2,rank_extension,rank_extension_orth_delta_trace_lam_50_kd,1,3,True,2.0,0.0,True,False,50.0,50.0,0.0,delta_trace,80,16->32->48->64->80,"q_proj, v_proj",0.09517956813573837,0.09517956813573837,0.0,0.0,0.0,0.0,,,0.0,,0.0,0.15518861386179925,,0.0
rank_extension_orth_delta_trace_lam_50_kd_T2,RankExt + DeltaTrace + KD T2,rank_extension,rank_extension_orth_delta_trace_lam_50_kd,2,1,True,2.0,1.0,True,False,50.0,50.0,0.0,delta_trace,80,16->32->48->64->80,"q_proj, v_proj",2.621848523324133,3.7858593977024433,1.1572798257621246,1.1572798257621246,0.00013462105911559412,0.006731052939883504,,,0.005133867883111361,,0.8977892918561746,1.0876246342658997,,8.430152761045664e-05
rank_extension_orth_delta_trace_lam_50_kd_T2,RankExt + DeltaTrace + KD T2,rank_extension,rank_extension_orth_delta_trace_lam_50_kd,2,2,True,2.0,1.0,True,False,50.0,50.0,0.0,delta_trace,80,16->32->48->64->80,"q_proj, v_proj",0.9096819941137658,2.185886898978812,1.2728958275474487,1.2728958275474487,6.618157774520099e-05,0.003309078883478937,,,0.0038387355725185827,,1.4900207767257565,1.0108222646713256,,3.018935110253619e-05
rank_extension_orth_delta_trace_lam_50_kd_T2,RankExt + DeltaTrace + KD T2,rank_extension,rank_extension_orth_delta_trace_lam_50_kd,2,3,True,2.0,1.0,True,False,50.0,50.0,0.0,delta_trace,80,16->32->48->64->80,"q_proj, v_proj",0.8404756916999817,2.0928210777282716,1.2517505239486695,1.2517505239486695,1.1897185000808008e-05,0.0005948592500516497,,,0.0007550024237678674,,1.572856310129156,1.01766552734375,,0.0
rank_extension_orth_delta_trace_lam_50_kd_T2,RankExt + DeltaTrace + KD T2,rank_extension,rank_extension_orth_delta_trace_lam_50_kd,3,1,True,2.0,1.0,True,False,50.0,50.0,0.0,delta_trace,80,16->32->48->64->80,"q_proj, v_proj",2.280870666968257,3.1732761998418506,0.8828356625884162,0.8828356625884162,0.000191397309189229,0.009569865418870458,,,0.008677146684646763,,0.7971394594121042,0.8771170663833618,,8.430152761045664e-05
rank_extension_orth_delta_trace_lam_50_kd_T2,RankExt + DeltaTrace + KD T2,rank_extension,rank_extension_orth_delta_trace_lam_50_kd,3,2,True,2.0,1.0,True,False,50.0,50.0,0.0,delta_trace,80,16->32->48->64->80,"q_proj, v_proj",0.7861929018966487,1.7862934859072577,0.9947443403181483,0.9947443403181483,0.00010712486498542588,0.005356243243784507,,,0.00714900857941122,,1.3462566980365178,0.7973637685775757,,3.018935110253619e-05
rank_extension_orth_delta_trace_lam_50_kd_T2,RankExt + DeltaTrace + KD T2,rank_extension,rank_extension_orth_delta_trace_lam_50_kd,3,3,True,2.0,1.0,True,False,50.0,50.0,0.0,delta_trace,80,16->32->48->64->80,"q_proj, v_proj",0.7171418963432312,1.6908567621231079,0.9728119450569153,0.9728119450569153,1.805853530803745e-05,0.0009029267647358211,,,0.001331423058553353,,1.4424326121430007,0.7844538593292236,,0.0
rank_extension_orth_delta_trace_lam_50_kd_T2,RankExt + DeltaTrace + KD T2,rank_extension,rank_extension_orth_delta_trace_lam_50_kd,4,1,True,2.0,1.0,True,False,50.0,50.0,0.0,delta_trace,80,16->32->48->64->80,"q_proj, v_proj",2.3224762840083697,3.1487981658520363,0.8172431715814406,0.8172431715814406,0.00018157433949553836,0.009078716981638552,,,0.007356681839623034,,0.675527791913051,0.9556477041244507,,8.430152761045664e-05
rank_extension_orth_delta_trace_lam_50_kd_T2,RankExt + DeltaTrace + KD T2,rank_extension,rank_extension_orth_delta_trace_lam_50_kd,4,2,True,2.0,1.0,True,False,50.0,50.0,0.0,delta_trace,80,16->32->48->64->80,"q_proj, v_proj",0.8082699890019464,1.7572356609047437,0.9423814187284376,0.9423814187284376,0.00013168507401610069,0.006584253697656095,,,0.008591640967768651,,1.2533078651221632,0.8211750497817993,,3.018935110253619e-05
rank_extension_orth_delta_trace_lam_50_kd_T2,RankExt + DeltaTrace + KD T2,rank_extension,rank_extension_orth_delta_trace_lam_50_kd,4,3,True,2.0,1.0,True,False,50.0,50.0,0.0,delta_trace,80,16->32->48->64->80,"q_proj, v_proj",0.7091966288566589,1.6326943689346314,0.9222986074447632,0.9222986074447632,2.398266637254096e-05,0.0011991333173005843,,,0.0018082257874671925,,1.3929768314080508,0.804283935546875,,0.0
rank_extension_orth_delta_trace_lam_50_kd_T2,RankExt + DeltaTrace + KD T2,rank_extension,rank_extension_orth_delta_trace_lam_50_kd,5,1,True,2.0,1.0,True,False,50.0,50.0,0.0,delta_trace,80,16->32->48->64->80,"q_proj, v_proj",2.10228301870062,2.857088150447402,0.7432836706806493,0.7432836706806493,0.00023042921680628323,0.011521460847170258,,,0.012517252626232742,,0.7990419160054287,0.7636699213981628,,8.430152761045664e-05
rank_extension_orth_delta_trace_lam_50_kd_T2,RankExt + DeltaTrace + KD T2,rank_extension,rank_extension_orth_delta_trace_lam_50_kd,5,2,True,2.0,1.0,True,False,50.0,50.0,0.0,delta_trace,80,16->32->48->64->80,"q_proj, v_proj",0.612907988370442,1.4659243351123372,0.8451011817963396,0.8451011817963396,0.0001583032868170374,0.00791516434019584,,,0.013556625635947037,,1.4674651050240244,0.6423945317268371,,3.018935110253619e-05
rank_extension_orth_delta_trace_lam_50_kd_T2,RankExt + DeltaTrace + KD T2,rank_extension,rank_extension_orth_delta_trace_lam_50_kd,5,3,True,2.0,1.0,True,False,50.0,50.0,0.0,delta_trace,80,16->32->48->64->80,"q_proj, v_proj",0.555110277414322,1.3853771326065063,0.8288599214553833,0.8288599214553833,2.8138702656320902e-05,0.0014069351325118988,,,0.0026727658452200425,,1.5697266171642412,0.6429465322494506,,0.0
rank_extension_orth_factor_lam_50,RankExt + FactorOrth,rank_extension,rank_extension_orth_factor_lam_50,1,1,False,0.0,0.0,False,True,50.0,0.0,50.0,factor_orth,80,16->32->48->64->80,"q_proj, v_proj",1.3417462185543463,1.3417462185543463,,,,,0.0,0.0,,0.0,,0.2540390701442957,,8.430152761045664e-05
rank_extension_orth_factor_lam_50,RankExt + FactorOrth,rank_extension,rank_extension_orth_factor_lam_50,1,2,False,0.0,0.0,False,True,50.0,0.0,50.0,factor_orth,80,16->32->48->64->80,"q_proj, v_proj",0.1528027853027719,0.1528027853027719,,,,,0.0,0.0,,0.0,,0.1753596134185791,,3.018935110253619e-05
rank_extension_orth_factor_lam_50,RankExt + FactorOrth,rank_extension,rank_extension_orth_factor_lam_50,1,3,False,0.0,0.0,False,True,50.0,0.0,50.0,factor_orth,80,16->32->48->64->80,"q_proj, v_proj",0.09517956813573837,0.09517956813573837,,,,,0.0,0.0,,0.0,,0.15518861386179925,,0.0
rank_extension_orth_factor_lam_50,RankExt + FactorOrth,rank_extension,rank_extension_orth_factor_lam_50,2,1,False,0.0,0.0,False,True,50.0,0.0,50.0,factor_orth,80,16->32->48->64->80,"q_proj, v_proj",3.5549165967687255,11.153672885363113,,,,,0.15197512734920104,7.598756299245913,,0.9585027056850309,,0.30666594696044924,,8.430152761045664e-05
rank_extension_orth_factor_lam_50,RankExt + FactorOrth,rank_extension,rank_extension_orth_factor_lam_50,2,2,False,0.0,0.0,False,True,50.0,0.0,50.0,factor_orth,80,16->32->48->64->80,"q_proj, v_proj",0.1717663616430564,0.18272680828469942,,,,,0.0002192089340929133,0.010960446695079569,,0.11361988911163456,,0.2205992546081543,,3.018935110253619e-05
rank_extension_orth_factor_lam_50,RankExt + FactorOrth,rank_extension,rank_extension_orth_factor_lam_50,2,3,False,0.0,0.0,False,True,50.0,0.0,50.0,factor_orth,80,16->32->48->64->80,"q_proj, v_proj",0.1003545422255993,0.10128888864964247,,,,,1.8686928297120176e-05,0.0009343464156641858,,0.024178271741344643,,0.1892998695373535,,0.0
rank_extension_orth_factor_lam_50,RankExt + FactorOrth,rank_extension,rank_extension_orth_factor_lam_50,3,1,False,0.0,0.0,False,True,50.0,0.0,50.0,factor_orth,80,16->32->48->64->80,"q_proj, v_proj",3.9109814202141644,18.935422705672377,,,,,0.30048882743342187,15.02444130279514,,1.8821208133539855,,0.3972818431854248,,8.430152761045664e-05
rank_extension_orth_factor_lam_50,RankExt + FactorOrth,rank_extension,rank_extension_orth_factor_lam_50,3,2,False,0.0,0.0,False,True,50.0,0.0,50.0,factor_orth,80,16->32->48->64->80,"q_proj, v_proj",0.27912578875901267,0.2979925444441252,,,,,0.000377335104510211,0.018866755219832918,,0.0879973785848107,,0.2382982997894287,,3.018935110253619e-05
rank_extension_orth_factor_lam_50,RankExt + FactorOrth,rank_extension,rank_extension_orth_factor_lam_50,3,3,False,0.0,0.0,False,True,50.0,0.0,50.0,factor_orth,80,16->32->48->64->80,"q_proj, v_proj",0.1917188175201416,0.19327372597903014,,,,,3.109816194364612e-05,0.0015549080914468506,,0.013305825309290838,,0.20400786018371583,,0.0
rank_extension_orth_factor_lam_50,RankExt + FactorOrth,rank_extension,rank_extension_orth_factor_lam_50,4,1,False,0.0,0.0,False,True,50.0,0.0,50.0,factor_orth,80,16->32->48->64->80,"q_proj, v_proj",4.7242670122369415,314.98260278138906,,,,,6.20516671823902,310.2583357354873,,39.316643988225884,,0.5211646574735641,,8.430152761045664e-05
rank_extension_orth_factor_lam_50,RankExt + FactorOrth,rank_extension,rank_extension_orth_factor_lam_50,4,2,False,0.0,0.0,False,True,50.0,0.0,50.0,factor_orth,80,16->32->48->64->80,"q_proj, v_proj",0.380000289902091,0.40404641599867674,,,,,0.0004809225107386678,0.024046125525578124,,0.07805659245959408,,0.28813382717967034,,3.018935110253619e-05
rank_extension_orth_factor_lam_50,RankExt + FactorOrth,rank_extension,rank_extension_orth_factor_lam_50,4,3,False,0.0,0.0,False,True,50.0,0.0,50.0,factor_orth,80,16->32->48->64->80,"q_proj, v_proj",0.24828951053619386,0.25045837720036507,,,,,4.3377329431677936e-05,0.002168866471899673,,0.012907491439188084,,0.2661939125061035,,0.0
rank_extension_orth_factor_lam_50,RankExt + FactorOrth,rank_extension,rank_extension_orth_factor_lam_50,5,1,False,0.0,0.0,False,True,50.0,0.0,50.0,factor_orth,80,16->32->48->64->80,"q_proj, v_proj",4.59721997988741,29.055007968774696,,,,,0.4891557600091969,24.45778795164048,,2.6593420486713586,,0.27620565819740295,,8.430152761045664e-05
rank_extension_orth_factor_lam_50,RankExt + FactorOrth,rank_extension,rank_extension_orth_factor_lam_50,5,2,False,0.0,0.0,False,True,50.0,0.0,50.0,factor_orth,80,16->32->48->64->80,"q_proj, v_proj",0.17181771777142754,0.19899680237667483,,,,,0.0005435816938874358,0.0271790846701345,,0.2598588588692011,,0.12634138679504395,,3.018935110253619e-05
rank_extension_orth_factor_lam_50,RankExt + FactorOrth,rank_extension,rank_extension_orth_factor_lam_50,5,3,False,0.0,0.0,False,True,50.0,0.0,50.0,factor_orth,80,16->32->48->64->80,"q_proj, v_proj",0.11316866671442985,0.11549538929536939,,,,,4.6534446791338266e-05,0.0023267223440809177,,0.04376341219392727,,0.12339340209960938,,0.0
rank_extension_orth_factor_lam_50_kd_T1,RankExt + FactorOrth + KD T1,rank_extension,rank_extension_orth_factor_lam_50_kd,1,1,True,1.0,0.0,False,True,50.0,0.0,50.0,factor_orth,80,16->32->48->64->80,"q_proj, v_proj",1.3417462185543463,1.3417462185543463,0.0,0.0,,,0.0,0.0,,0.0,0.0,0.2540390701442957,,8.430152761045664e-05
rank_extension_orth_factor_lam_50_kd_T1,RankExt + FactorOrth + KD T1,rank_extension,rank_extension_orth_factor_lam_50_kd,1,2,True,1.0,0.0,False,True,50.0,0.0,50.0,factor_orth,80,16->32->48->64->80,"q_proj, v_proj",0.1528027853027719,0.1528027853027719,0.0,0.0,,,0.0,0.0,,0.0,0.0,0.1753596134185791,,3.018935110253619e-05
rank_extension_orth_factor_lam_50_kd_T1,RankExt + FactorOrth + KD T1,rank_extension,rank_extension_orth_factor_lam_50_kd,1,3,True,1.0,0.0,False,True,50.0,0.0,50.0,factor_orth,80,16->32->48->64->80,"q_proj, v_proj",0.09517956813573837,0.09517956813573837,0.0,0.0,,,0.0,0.0,,0.0,0.0,0.15518861386179925,,0.0
rank_extension_orth_factor_lam_50_kd_T1,RankExt + FactorOrth + KD T1,rank_extension,rank_extension_orth_factor_lam_50_kd,2,1,True,1.0,1.0,False,True,50.0,0.0,50.0,factor_orth,80,16->32->48->64->80,"q_proj, v_proj",4.026083412322592,12.049409357108383,0.5139192393554127,0.5139192393554127,,,0.15018813543112372,7.509406756923676,,0.9104412291943171,0.36814400096286765,1.2182739267349243,,8.430152761045664e-05
rank_extension_orth_factor_lam_50_kd_T1,RankExt + FactorOrth + KD T1,rank_extension,rank_extension_orth_factor_lam_50_kd,2,2,True,1.0,1.0,False,True,50.0,0.0,50.0,factor_orth,80,16->32->48->64->80,"q_proj, v_proj",1.0591145657125067,1.9081042016138796,0.8379248911240061,0.8379248911240061,,,0.0002212948828303927,0.011064744128876168,,0.010707973310022018,0.8335792237663866,1.1601186504364014,,3.018935110253619e-05
rank_extension_orth_factor_lam_50_kd_T1,RankExt + FactorOrth + KD T1,rank_extension,rank_extension_orth_factor_lam_50_kd,2,3,True,1.0,1.0,False,True,50.0,0.0,50.0,factor_orth,80,16->32->48->64->80,"q_proj, v_proj",0.9895836710929871,1.80020861492157,0.8096975500106811,0.8096975500106811,,,1.8547874969954136e-05,0.000927393747237511,,0.0009708207318232564,0.8560537679470465,1.1320693359375,,0.0
rank_extension_orth_factor_lam_50_kd_T1,RankExt + FactorOrth + KD T1,rank_extension,rank_extension_orth_factor_lam_50_kd,3,1,True,1.0,1.0,False,True,50.0,0.0,50.0,factor_orth,80,16->32->48->64->80,"q_proj, v_proj",3.9689709080806925,18.398508783838363,0.3959573491816767,0.3959573491816767,,,0.28067161417030845,14.033580643675137,,1.8988140123530153,0.2782934385750447,1.2537712383270263,,8.430152761045664e-05
rank_extension_orth_factor_lam_50_kd_T1,RankExt + FactorOrth + KD T1,rank_extension,rank_extension_orth_factor_lam_50_kd,3,2,True,1.0,1.0,False,True,50.0,0.0,50.0,factor_orth,80,16->32->48->64->80,"q_proj, v_proj",1.1174316181511175,1.9085793643701272,0.7747239670792564,0.7747239670792564,,,0.00032847567774416483,0.016423783865833624,,0.01486907438072551,0.7260388226673685,1.1312988290786743,,3.018935110253619e-05
rank_extension_orth_factor_lam_50_kd_T1,RankExt + FactorOrth + KD T1,rank_extension,rank_extension_orth_factor_lam_50_kd,3,3,True,1.0,1.0,False,True,50.0,0.0,50.0,factor_orth,80,16->32->48->64->80,"q_proj, v_proj",1.037081103515625,1.7989539014816285,0.7606568432807922,0.7606568432807922,,,2.4319031425147842e-05,0.001215951569925528,,0.0011983083523127052,0.7675003948277146,1.12152685546875,,0.0
rank_extension_orth_factor_lam_50_kd_T1,RankExt + FactorOrth + KD T1,rank_extension,rank_extension_orth_factor_lam_50_kd,4,1,True,1.0,1.0,False,True,50.0,0.0,50.0,factor_orth,80,16->32->48->64->80,"q_proj, v_proj",4.315414123176162,24.554781298590566,0.3424597581469914,0.3424597581469914,,,0.39793814608062056,19.896907381231724,,2.6552961183980064,0.21327762950664997,1.3415952157974242,,8.430152761045664e-05
rank_extension_orth_factor_lam_50_kd_T1,RankExt + FactorOrth + KD T1,rank_extension,rank_extension_orth_factor_lam_50_kd,4,2,True,1.0,1.0,False,True,50.0,0.0,50.0,factor_orth,80,16->32->48->64->80,"q_proj, v_proj",1.2181658901152064,2.001316852061475,0.7606395174245365,0.7606395174245365,,,0.0004502287738432642,0.022511438710889856,,0.018478383900555125,0.6538237935723925,1.1632319326400757,,3.018935110253619e-05
rank_extension_orth_factor_lam_50_kd_T1,RankExt + FactorOrth + KD T1,rank_extension,rank_extension_orth_factor_lam_50_kd,4,3,True,1.0,1.0,False,True,50.0,0.0,50.0,factor_orth,80,16->32->48->64->80,"q_proj, v_proj",1.1075257608413696,1.8636634174346924,0.7544621162414551,0.7544621162414551,,,3.351082302888244e-05,0.0016755411545513199,,0.0015535883795021403,0.7097647614678072,1.133343994140625,,0.0
rank_extension_orth_factor_lam_50_kd_T1,RankExt + FactorOrth + KD T1,rank_extension,rank_extension_orth_factor_lam_50_kd,5,1,True,1.0,1.0,False,True,50.0,0.0,50.0,factor_orth,80,16->32->48->64->80,"q_proj, v_proj",4.207404466775747,31.19035838883364,0.331263818988636,0.331263818988636,,,0.5330338019725437,26.6516900554653,,3.5753531743729403,0.25235554172927366,1.140190917491913,,8.430152761045664e-05
rank_extension_orth_factor_lam_50_kd_T1,RankExt + FactorOrth + KD T1,rank_extension,rank_extension_orth_factor_lam_50_kd,5,2,True,1.0,1.0,False,True,50.0,0.0,50.0,factor_orth,80,16->32->48->64->80,"q_proj, v_proj",1.0215796856606594,1.807934166368891,0.7589973728187749,0.7589973728187749,,,0.0005471421484873614,0.027357107368068862,,0.026911714593307864,0.7758169112503341,1.0042128896713256,,3.018935110253619e-05
rank_extension_orth_factor_lam_50_kd_T1,RankExt + FactorOrth + KD T1,rank_extension,rank_extension_orth_factor_lam_50_kd,5,3,True,1.0,1.0,False,True,50.0,0.0,50.0,factor_orth,80,16->32->48->64->80,"q_proj, v_proj",0.9554003287315369,1.705021459388733,0.7480115239143371,0.7480115239143371,,,3.219217973855848e-05,0.0016096089853614103,,0.0017277630929779034,0.8121524554330043,0.9961845693588257,,0.0
rank_extension_orth_factor_lam_50_kd_T2,RankExt + FactorOrth + KD T2,rank_extension,rank_extension_orth_factor_lam_50_kd,1,1,True,2.0,0.0,False,True,50.0,0.0,50.0,factor_orth,80,16->32->48->64->80,"q_proj, v_proj",1.3417462185543463,1.3417462185543463,0.0,0.0,,,0.0,0.0,,0.0,0.0,0.2540390701442957,,8.430152761045664e-05
rank_extension_orth_factor_lam_50_kd_T2,RankExt + FactorOrth + KD T2,rank_extension,rank_extension_orth_factor_lam_50_kd,1,2,True,2.0,0.0,False,True,50.0,0.0,50.0,factor_orth,80,16->32->48->64->80,"q_proj, v_proj",0.1528027853027719,0.1528027853027719,0.0,0.0,,,0.0,0.0,,0.0,0.0,0.1753596134185791,,3.018935110253619e-05
rank_extension_orth_factor_lam_50_kd_T2,RankExt + FactorOrth + KD T2,rank_extension,rank_extension_orth_factor_lam_50_kd,1,3,True,2.0,0.0,False,True,50.0,0.0,50.0,factor_orth,80,16->32->48->64->80,"q_proj, v_proj",0.09517956813573837,0.09517956813573837,0.0,0.0,,,0.0,0.0,,0.0,0.0,0.15518861386179925,,0.0
rank_extension_orth_factor_lam_50_kd_T2,RankExt + FactorOrth + KD T2,rank_extension,rank_extension_orth_factor_lam_50_kd,2,1,True,2.0,1.0,False,True,50.0,0.0,50.0,factor_orth,80,16->32->48->64->80,"q_proj, v_proj",4.064092038988872,12.355487255144821,0.7594207454173263,0.7594207454173263,,,0.15063949181246128,7.53197449353964,,0.9135281642796984,0.5605946957188027,1.1401523418426514,,8.430152761045664e-05
rank_extension_orth_factor_lam_50_kd_T2,RankExt + FactorOrth + KD T2,rank_extension,rank_extension_orth_factor_lam_50_kd,2,2,True,2.0,1.0,False,True,50.0,0.0,50.0,factor_orth,80,16->32->48->64->80,"q_proj, v_proj",0.9640354373415962,2.225871908273853,1.2503972637848777,1.2503972637848777,,,0.00022878421348382214,0.011439210653198181,,0.012348876674102472,1.385358431218241,1.062737304210663,,3.018935110253619e-05
rank_extension_orth_factor_lam_50_kd_T2,RankExt + FactorOrth + KD T2,rank_extension,rank_extension_orth_factor_lam_50_kd,2,3,True,2.0,1.0,False,True,50.0,0.0,50.0,factor_orth,80,16->32->48->64->80,"q_proj, v_proj",0.8839241713523864,2.1079127504348754,1.2230791483879089,1.2230791483879089,,,1.8188556157292623e-05,0.0009094278064789251,,0.0010912006513255318,1.4668861799322086,1.0516701664924621,,0.0
rank_extension_orth_factor_lam_50_kd_T2,RankExt + FactorOrth + KD T2,rank_extension,rank_extension_orth_factor_lam_50_kd,3,1,True,2.0,1.0,False,True,50.0,0.0,50.0,factor_orth,80,16->32->48->64->80,"q_proj, v_proj",3.796695129473354,18.409700005027158,0.5144585667741248,0.5144585667741248,,,0.2819709280207498,14.098546323703324,,1.9944363215780094,0.40044640111512814,1.0713818378448485,,8.430152761045664e-05
rank_extension_orth_factor_lam_50_kd_T2,RankExt + FactorOrth + KD T2,rank_extension,rank_extension_orth_factor_lam_50_kd,3,2,True,2.0,1.0,False,True,50.0,0.0,50.0,factor_orth,80,16->32->48->64->80,"q_proj, v_proj",0.9085854393536927,1.9030172056839114,0.9779074263377268,0.9779074263377268,,,0.0003304867488980965,0.016524337378299992,,0.018664530896555214,1.1483724468406458,0.9081223154067993,,3.018935110253619e-05
rank_extension_orth_factor_lam_50_kd_T2,RankExt + FactorOrth + KD T2,rank_extension,rank_extension_orth_factor_lam_50_kd,3,3,True,2.0,1.0,False,True,50.0,0.0,50.0,factor_orth,80,16->32->48->64->80,"q_proj, v_proj",0.8163730608940124,1.7754641855239868,0.9577848564147949,0.9577848564147949,,,2.6125356549346178e-05,0.001306267828331329,,0.0016824213309343235,1.2527708671512388,0.8946362323760987,,0.0
rank_extension_orth_factor_lam_50_kd_T2,RankExt + FactorOrth + KD T2,rank_extension,rank_extension_orth_factor_lam_50_kd,4,1,True,2.0,1.0,False,True,50.0,0.0,50.0,factor_orth,80,16->32->48->64->80,"q_proj, v_proj",3.9401586205011108,23.99752791228349,0.4525055560264691,0.4525055560264691,,,0.39209727794337795,19.604863827337805,,2.8571927622493933,0.3031334434453901,1.152529297351837,,8.430152761045664e-05
rank_extension_orth_factor_lam_50_kd_T2,RankExt + FactorOrth + KD T2,rank_extension,rank_extension_orth_factor_lam_50_kd,4,2,True,2.0,1.0,False,True,50.0,0.0,50.0,factor_orth,80,16->32->48->64->80,"q_proj, v_proj",0.978172514086864,1.9098606238599682,0.9082150244321979,0.9082150244321979,,,0.00046946168594495547,0.023473084266831885,,0.024507879469795282,0.9958798843006001,0.9142152104377747,,3.018935110253619e-05
rank_extension_orth_factor_lam_50_kd_T2,RankExt + FactorOrth + KD T2,rank_extension,rank_extension_orth_factor_lam_50_kd,4,3,True,2.0,1.0,False,True,50.0,0.0,50.0,factor_orth,80,16->32->48->64->80,"q_proj, v_proj",0.8451557984352112,1.7405985998153686,0.8934814188957214,0.8934814188957214,,,3.9227656370712796e-05,0.0019613828184898013,,0.0024503981667643067,1.1322057578356006,0.8870305166244506,,0.0
rank_extension_orth_factor_lam_50_kd_T2,RankExt + FactorOrth + KD T2,rank_extension,rank_extension_orth_factor_lam_50_kd,5,1,True,2.0,1.0,False,True,50.0,0.0,50.0,factor_orth,80,16->32->48->64->80,"q_proj, v_proj",3.750305105250713,30.671594636725132,0.40811657276916824,0.40811657276916824,,,0.5302634568852197,26.513172871651168,,3.978199082837893,0.347737810688547,0.9428168950080872,,8.430152761045664e-05
rank_extension_orth_factor_lam_50_kd_T2,RankExt + FactorOrth + KD T2,rank_extension,rank_extension_orth_factor_lam_50_kd,5,2,True,2.0,1.0,False,True,50.0,0.0,50.0,factor_orth,80,16->32->48->64->80,"q_proj, v_proj",0.7563821873703941,1.6261081615432365,0.8444686828089543,0.8444686828089543,,,0.0005051458946507439,0.025257294726573298,,0.03391870696946896,1.1971064054530374,0.7371876215934754,,3.018935110253619e-05
rank_extension_orth_factor_lam_50_kd_T2,RankExt + FactorOrth + KD T2,rank_extension,rank_extension_orth_factor_lam_50_kd,5,3,True,2.0,1.0,False,True,50.0,0.0,50.0,factor_orth,80,16->32->48->64->80,"q_proj, v_proj",0.6711154430389404,1.5073330904006959,0.8343507886886596,0.8343507886886596,,,3.733720357504353e-05,0.0018668601807788946,,0.002912108537229731,1.3214914986819366,0.7189528799057007,,0.0
simple_avg,SimpleAvg,simple_avg,simple_avg,1,1,False,0.0,0.0,False,False,0.0,0.0,0.0,none,80,fixed:80,"q_proj, v_proj",1.3064196990366945,1.3064196990366945,,,,,,,,,,0.2548048171699047,,4.215076380522832e-05
simple_avg,SimpleAvg,simple_avg,simple_avg,1,2,False,0.0,0.0,False,False,0.0,0.0,0.0,none,80,fixed:80,"q_proj, v_proj",0.1442773978729717,0.1442773978729717,,,,,,,,,,0.17624906730651854,,1.5094675551268095e-05
simple_avg,SimpleAvg,simple_avg,simple_avg,1,3,False,0.0,0.0,False,False,0.0,0.0,0.0,none,80,fixed:80,"q_proj, v_proj",0.07615068756788969,0.07615068756788969,,,,,,,,,,0.1741244831085205,,0.0
simple_avg,SimpleAvg,simple_avg,simple_avg,2,1,False,0.0,0.0,False,False,0.0,0.0,0.0,none,80,fixed:80,"q_proj, v_proj",1.2184156950886336,1.2184156950886336,,,,,,,,,,0.25519778445363045,,4.215076380522832e-05
simple_avg,SimpleAvg,simple_avg,simple_avg,2,2,False,0.0,0.0,False,False,0.0,0.0,0.0,none,80,fixed:80,"q_proj, v_proj",0.12486205392165994,0.12486205392165994,,,,,,,,,,0.2025973815843463,,1.5094675551268095e-05
simple_avg,SimpleAvg,simple_avg,simple_avg,2,3,False,0.0,0.0,False,False,0.0,0.0,0.0,none,80,fixed:80,"q_proj, v_proj",0.05877837564125657,0.05877837564125657,,,,,,,,,,0.19105442619323731,,0.0
simple_avg,SimpleAvg,simple_avg,simple_avg,3,1,False,0.0,0.0,False,False,0.0,0.0,0.0,none,80,fixed:80,"q_proj, v_proj",1.354087348167713,1.354087348167713,,,,,,,,,,0.3066380777359009,,4.215076380522832e-05
simple_avg,SimpleAvg,simple_avg,simple_avg,3,2,False,0.0,0.0,False,False,0.0,0.0,0.0,none,80,fixed:80,"q_proj, v_proj",0.20947975789914366,0.20947975789914366,,,,,,,,,,0.16485187578201294,,1.5094675551268095e-05
simple_avg,SimpleAvg,simple_avg,simple_avg,3,3,False,0.0,0.0,False,False,0.0,0.0,0.0,none,80,fixed:80,"q_proj, v_proj",0.12077929512560368,0.12077929512560368,,,,,,,,,,0.16628294706344604,,0.0
simple_avg,SimpleAvg,simple_avg,simple_avg,4,1,False,0.0,0.0,False,False,0.0,0.0,0.0,none,80,fixed:80,"q_proj, v_proj",1.450347923254518,1.450347923254518,,,,,,,,,,0.42795671075582503,,4.215076380522832e-05
simple_avg,SimpleAvg,simple_avg,simple_avg,4,2,False,0.0,0.0,False,False,0.0,0.0,0.0,none,80,fixed:80,"q_proj, v_proj",0.23087568849813742,0.23087568849813742,,,,,,,,,,0.28034789657592774,,1.5094675551268095e-05
simple_avg,SimpleAvg,simple_avg,simple_avg,4,3,False,0.0,0.0,False,False,0.0,0.0,0.0,none,80,fixed:80,"q_proj, v_proj",0.12713221298456193,0.12713221298456193,,,,,,,,,,0.22692157363891602,,0.0
simple_avg,SimpleAvg,simple_avg,simple_avg,5,1,False,0.0,0.0,False,False,0.0,0.0,0.0,none,80,fixed:80,"q_proj, v_proj",1.29325265214213,1.29325265214213,,,,,,,,,,0.1454512484073639,,4.215076380522832e-05
simple_avg,SimpleAvg,simple_avg,simple_avg,5,2,False,0.0,0.0,False,False,0.0,0.0,0.0,none,80,fixed:80,"q_proj, v_proj",0.10273846652946572,0.10273846652946572,,,,,,,,,,0.10684651946276426,,1.5094675551268095e-05
simple_avg,SimpleAvg,simple_avg,simple_avg,5,3,False,0.0,0.0,False,False,0.0,0.0,0.0,none,80,fixed:80,"q_proj, v_proj",0.048879246784746644,0.048879246784746644,,,,,,,,,,0.09157092093676329,,0.0
simple_avg_delta_orth,SimpleAvg + DeltaTrace,simple_avg,simple_avg_delta_orth,1,1,False,0.0,0.0,True,False,50.0,50.0,0.0,delta_trace,80,fixed:80,"q_proj, v_proj",1.2376253547149965,1.2376253547149965,,,0.0,0.0,,,0.0,,,0.22800239565968514,,4.215076380522832e-05
simple_avg_delta_orth,SimpleAvg + DeltaTrace,simple_avg,simple_avg_delta_orth,1,2,False,0.0,0.0,True,False,50.0,50.0,0.0,delta_trace,80,fixed:80,"q_proj, v_proj",0.13694436360822348,0.13694436360822348,,,0.0,0.0,,,0.0,,,0.1436051178574562,,1.5094675551268095e-05
simple_avg_delta_orth,SimpleAvg + DeltaTrace,simple_avg,simple_avg_delta_orth,1,3,False,0.0,0.0,True,False,50.0,50.0,0.0,delta_trace,80,fixed:80,"q_proj, v_proj",0.07221522955745459,0.07221522955745459,,,0.0,0.0,,,0.0,,,0.13473301889002323,,0.0
simple_avg_delta_orth,SimpleAvg + DeltaTrace,simple_avg,simple_avg_delta_orth,2,1,False,0.0,0.0,True,False,50.0,50.0,0.0,delta_trace,80,fixed:80,"q_proj, v_proj",1.4149451947690228,1.5364542008970548,,,0.002430180063535598,0.12150900339503481,,,0.13197768610921118,,,0.26368003845214844,,4.215076380522832e-05
simple_avg_delta_orth,SimpleAvg + DeltaTrace,simple_avg,simple_avg_delta_orth,2,2,False,0.0,0.0,True,False,50.0,50.0,0.0,delta_trace,80,fixed:80,"q_proj, v_proj",0.12193742427730658,0.14190826897555198,,,0.0003994168904652918,0.019970844495186553,,,0.4859883342272421,,,0.16534238816797733,,1.5094675551268095e-05
simple_avg_delta_orth,SimpleAvg + DeltaTrace,simple_avg,simple_avg_delta_orth,2,3,False,0.0,0.0,True,False,50.0,50.0,0.0,delta_trace,80,fixed:80,"q_proj, v_proj",0.05973381740450859,0.06313748947530985,,,6.807344135229415e-05,0.0034036720726093334,,,0.22389878952113312,,,0.16483982275426387,,0.0
simple_avg_delta_orth,SimpleAvg + DeltaTrace,simple_avg,simple_avg_delta_orth,3,1,False,0.0,0.0,True,False,50.0,50.0,0.0,delta_trace,80,fixed:80,"q_proj, v_proj",1.7486689113653624,2.0354649741355018,,,0.005735921287743768,0.28679606364201604,,,0.199314187344295,,,0.3142166910171509,,4.215076380522832e-05
simple_avg_delta_orth,SimpleAvg + DeltaTrace,simple_avg,simple_avg_delta_orth,3,2,False,0.0,0.0,True,False,50.0,50.0,0.0,delta_trace,80,fixed:80,"q_proj, v_proj",0.2149558515822301,0.26026589128448335,,,0.0009062008028582777,0.04531004007020202,,,0.32874743264507433,,,0.17448354053497314,,1.5094675551268095e-05
simple_avg_delta_orth,SimpleAvg + DeltaTrace,simple_avg,simple_avg_delta_orth,3,3,False,0.0,0.0,True,False,50.0,50.0,0.0,delta_trace,80,fixed:80,"q_proj, v_proj",0.13465823408961297,0.1421437824845314,,,0.00014971097624038522,0.007485548793872294,,,0.10189247060732905,,,0.15953287982940673,,0.0
simple_avg_delta_orth,SimpleAvg + DeltaTrace,simple_avg,simple_avg_delta_orth,4,1,False,0.0,0.0,True,False,50.0,50.0,0.0,delta_trace,80,fixed:80,"q_proj, v_proj",1.9242035406298703,2.2857771810942897,,,0.007231472823166772,0.36157364061074837,,,0.21646101717119334,,,0.4219882659614086,,4.215076380522832e-05
simple_avg_delta_orth,SimpleAvg + DeltaTrace,simple_avg,simple_avg_delta_orth,4,2,False,0.0,0.0,True,False,50.0,50.0,0.0,delta_trace,80,fixed:80,"q_proj, v_proj",0.2617590337106195,0.32016160894857076,,,0.001168051500304709,0.05840257502420515,,,0.3606440866024894,,,0.256009323105216,,1.5094675551268095e-05
simple_avg_delta_orth,SimpleAvg + DeltaTrace,simple_avg,simple_avg_delta_orth,4,3,False,0.0,0.0,True,False,50.0,50.0,0.0,delta_trace,80,fixed:80,"q_proj, v_proj",0.15405234360098838,0.16358340627253057,,,0.00019062125221412315,0.009531062597105483,,,0.11503831534509909,,,0.22068469999730586,,0.0
simple_avg_delta_orth,SimpleAvg + DeltaTrace,simple_avg,simple_avg_delta_orth,5,1,False,0.0,0.0,True,False,50.0,50.0,0.0,delta_trace,80,fixed:80,"q_proj, v_proj",1.7803345911826713,2.177919887628181,,,0.007951705945760877,0.39758529461030095,,,0.43015490299830633,,,0.20852879285812378,,4.215076380522832e-05
simple_avg_delta_orth,SimpleAvg + DeltaTrace,simple_avg,simple_avg_delta_orth,5,2,False,0.0,0.0,True,False,50.0,50.0,0.0,delta_trace,80,fixed:80,"q_proj, v_proj",0.12746871830742867,0.19319947179345812,,,0.0013146150711213895,0.06573075348297593,,,1.0793952715261415,,,0.12957242578268052,,1.5094675551268095e-05
simple_avg_delta_orth,SimpleAvg + DeltaTrace,simple_avg,simple_avg_delta_orth,5,3,False,0.0,0.0,True,False,50.0,50.0,0.0,delta_trace,80,fixed:80,"q_proj, v_proj",0.07054543012082577,0.08201923094093799,,,0.0002294760189226963,0.011473800939209468,,,0.39692286012658456,,,0.12439606475830078,,0.0
simple_avg_delta_orth_kd_T1,SimpleAvg + DeltaTrace + KD T1,simple_avg,simple_avg_delta_orth_kd,1,1,True,1.0,0.0,True,False,50.0,50.0,0.0,delta_trace,80,fixed:80,"q_proj, v_proj",1.2376253547149965,1.2376253547149965,0.0,0.0,0.0,0.0,,,0.0,,0.0,0.22800239565968514,,4.215076380522832e-05
simple_avg_delta_orth_kd_T1,SimpleAvg + DeltaTrace + KD T1,simple_avg,simple_avg_delta_orth_kd,1,2,True,1.0,0.0,True,False,50.0,50.0,0.0,delta_trace,80,fixed:80,"q_proj, v_proj",0.13694436360822348,0.13694436360822348,0.0,0.0,0.0,0.0,,,0.0,,0.0,0.1436051178574562,,1.5094675551268095e-05
simple_avg_delta_orth_kd_T1,SimpleAvg + DeltaTrace + KD T1,simple_avg,simple_avg_delta_orth_kd,1,3,True,1.0,0.0,True,False,50.0,50.0,0.0,delta_trace,80,fixed:80,"q_proj, v_proj",0.07221522955745459,0.07221522955745459,0.0,0.0,0.0,0.0,,,0.0,,0.0,0.13473301889002323,,0.0
simple_avg_delta_orth_kd_T1,SimpleAvg + DeltaTrace + KD T1,simple_avg,simple_avg_delta_orth_kd,2,1,True,1.0,1.0,True,False,50.0,50.0,0.0,delta_trace,80,fixed:80,"q_proj, v_proj",1.9995620169733237,3.893806308654248,1.790034687460542,1.790034687460542,0.0020841919858614133,0.10420959902875454,,,0.03942843563119775,,1.0285054147516457,1.0544160146713257,,4.215076380522832e-05
simple_avg_delta_orth_kd_T1,SimpleAvg + DeltaTrace + KD T1,simple_avg,simple_avg_delta_orth_kd,2,2,True,1.0,1.0,True,False,50.0,50.0,0.0,delta_trace,80,fixed:80,"q_proj, v_proj",0.8946126544084705,1.9986050007773228,1.0905258107380789,1.0905258107380789,0.00026933074251082574,0.013466537075850075,,,0.015399689432987017,,1.2535589851351325,0.9556972661018371,,1.5094675551268095e-05
simple_avg_delta_orth_kd_T1,SimpleAvg + DeltaTrace + KD T1,simple_avg,simple_avg_delta_orth_kd,2,3,True,1.0,1.0,True,False,50.0,50.0,0.0,delta_trace,80,fixed:80,"q_proj, v_proj",0.8490010733604432,1.8608157791137696,1.0096368169784546,1.0096368169784546,4.355776956340378e-05,0.00217788847747579,,,0.0026412852651060336,,1.217822595602414,0.9786972646713257,,0.0
simple_avg_delta_orth_kd_T1,SimpleAvg + DeltaTrace + KD T1,simple_avg,simple_avg_delta_orth_kd,3,1,True,1.0,1.0,True,False,50.0,50.0,0.0,delta_trace,80,fixed:80,"q_proj, v_proj",2.198020117567721,3.352870261220417,0.8746119018662386,0.8746119018662386,0.005604764769949726,0.2802382375185306,,,0.10792674471514278,,0.5548733312485231,1.0700258798599243,,4.215076380522832e-05
simple_avg_delta_orth_kd_T1,SimpleAvg + DeltaTrace + KD T1,simple_avg,simple_avg_delta_orth_kd,3,2,True,1.0,1.0,True,False,50.0,50.0,0.0,delta_trace,80,fixed:80,"q_proj, v_proj",0.9121224382861716,1.7671682983148294,0.8100945385753131,0.8100945385753131,0.0008990263450913681,0.0449513172455987,,,0.05005432095134256,,0.912854122630124,0.9096064443588256,,1.5094675551268095e-05
simple_avg_delta_orth_kd_T1,SimpleAvg + DeltaTrace + KD T1,simple_avg,simple_avg_delta_orth_kd,3,3,True,1.0,1.0,True,False,50.0,50.0,0.0,delta_trace,80,fixed:80,"q_proj, v_proj",0.8457638721466064,1.6516184818267823,0.798447373008728,0.798447373008728,0.0001481448049891469,0.007407240234318306,,,0.008880837191019845,,0.9657065620105073,0.9006396493911744,,0.0
simple_avg_delta_orth_kd_T1,SimpleAvg + DeltaTrace + KD T1,simple_avg,simple_avg_delta_orth_kd,4,1,True,1.0,1.0,True,False,50.0,50.0,0.0,delta_trace,80,fixed:80,"q_proj, v_proj",2.340095872184454,3.375204288237614,0.6827895585234154,0.6827895585234154,0.007046377250113801,0.3523188619744856,,,0.12472363813969464,,0.43014976084249557,1.1017470712661743,,4.215076380522832e-05
simple_avg_delta_orth_kd_T1,SimpleAvg + DeltaTrace + KD T1,simple_avg,simple_avg_delta_orth_kd,4,2,True,1.0,1.0,True,False,50.0,50.0,0.0,delta_trace,80,fixed:80,"q_proj, v_proj",0.9468776481073411,1.7473703079536314,0.7420164154201258,0.7420164154201258,0.0011695249048138006,0.058476245223132314,,,0.06311498106665751,,0.8121491447708514,0.9918569331169128,,1.5094675551268095e-05
simple_avg_delta_orth_kd_T1,SimpleAvg + DeltaTrace + KD T1,simple_avg,simple_avg_delta_orth_kd,4,3,True,1.0,1.0,True,False,50.0,50.0,0.0,delta_trace,80,fixed:80,"q_proj, v_proj",0.8568226571083069,1.6032296533584596,0.73723351354599,0.73723351354599,0.00018346972115205063,0.009173486053006491,,,0.011034523794824454,,0.8841937385407629,0.9719487314224243,,0.0
simple_avg_delta_orth_kd_T1,SimpleAvg + DeltaTrace + KD T1,simple_avg,simple_avg_delta_orth_kd,5,1,True,1.0,1.0,True,False,50.0,50.0,0.0,delta_trace,80,fixed:80,"q_proj, v_proj",2.175184380891085,3.2038170573364106,0.6272435042452305,0.6272435042452305,0.008027783672762776,0.401389183991767,,,0.16193087558699717,,0.5119921523641838,0.9482099628448486,,4.215076380522832e-05
simple_avg_delta_orth_kd_T1,SimpleAvg + DeltaTrace + KD T1,simple_avg,simple_avg_delta_orth_kd,5,2,True,1.0,1.0,True,False,50.0,50.0,0.0,delta_trace,80,fixed:80,"q_proj, v_proj",0.8155784056812037,1.6235193762622895,0.7392931094912232,0.7392931094912232,0.0013729572334311537,0.06864786156010433,,,0.08515757081089695,,0.9266274461871485,0.8605048832893372,,1.5094675551268095e-05
simple_avg_delta_orth_kd_T1,SimpleAvg + DeltaTrace + KD T1,simple_avg,simple_avg_delta_orth_kd,5,3,True,1.0,1.0,True,False,50.0,50.0,0.0,delta_trace,80,fixed:80,"q_proj, v_proj",0.7659718033790588,1.511894167327881,0.7347345869064331,0.7347345869064331,0.00022375557518264485,0.011187778755459295,,,0.014870332385786802,,0.9729273440852616,0.8683784174919128,,0.0
simple_avg_delta_orth_kd_T2,SimpleAvg + DeltaTrace + KD T2,simple_avg,simple_avg_delta_orth_kd,1,1,True,2.0,0.0,True,False,50.0,50.0,0.0,delta_trace,80,fixed:80,"q_proj, v_proj",1.2376253547149965,1.2376253547149965,0.0,0.0,0.0,0.0,,,0.0,,0.0,0.22800239565968514,,4.215076380522832e-05
simple_avg_delta_orth_kd_T2,SimpleAvg + DeltaTrace + KD T2,simple_avg,simple_avg_delta_orth_kd,1,2,True,2.0,0.0,True,False,50.0,50.0,0.0,delta_trace,80,fixed:80,"q_proj, v_proj",0.13694436360822348,0.13694436360822348,0.0,0.0,0.0,0.0,,,0.0,,0.0,0.1436051178574562,,1.5094675551268095e-05
simple_avg_delta_orth_kd_T2,SimpleAvg + DeltaTrace + KD T2,simple_avg,simple_avg_delta_orth_kd,1,3,True,2.0,0.0,True,False,50.0,50.0,0.0,delta_trace,80,fixed:80,"q_proj, v_proj",0.07221522955745459,0.07221522955745459,0.0,0.0,0.0,0.0,,,0.0,,0.0,0.13473301889002323,,0.0
simple_avg_delta_orth_kd_T2,SimpleAvg + DeltaTrace + KD T2,simple_avg,simple_avg_delta_orth_kd,2,1,True,2.0,1.0,True,False,50.0,50.0,0.0,delta_trace,80,fixed:80,"q_proj, v_proj",1.8597616126026146,4.13808894879299,2.1616500499986,2.1616500499986,0.002333545723435379,0.11667728553177048,,,0.04700700070959753,,1.5410741375045645,0.8280358896255493,,4.215076380522832e-05
simple_avg_delta_orth_kd_T2,SimpleAvg + DeltaTrace + KD T2,simple_avg,simple_avg_delta_orth_kd,2,2,True,2.0,1.0,True,False,50.0,50.0,0.0,delta_trace,80,fixed:80,"q_proj, v_proj",0.6823949922303685,2.0888617845832322,1.3922085797200436,1.3922085797200436,0.000285164283130024,0.014258214143547611,,,0.021865724866653023,,2.1476949537461643,0.7464449460506439,,1.5094675551268095e-05
simple_avg_delta_orth_kd_T2,SimpleAvg + DeltaTrace + KD T2,simple_avg,simple_avg_delta_orth_kd,2,3,True,2.0,1.0,True,False,50.0,50.0,0.0,delta_trace,80,fixed:80,"q_proj, v_proj",0.6308399259567261,1.9489227548599244,1.3155664558410645,1.3155664558410645,5.032747159145856e-05,0.0025163735803354938,,,0.0042041910317627,,2.1715261792608342,0.7651577146053314,,0.0
simple_avg_delta_orth_kd_T2,SimpleAvg + DeltaTrace + KD T2,simple_avg,simple_avg_delta_orth_kd,3,1,True,2.0,1.0,True,False,50.0,50.0,0.0,delta_trace,80,fixed:80,"q_proj, v_proj",2.0069115342368082,2.971009598621175,0.6817465326985048,0.6817465326985048,0.005647030558323551,0.28235152752768194,,,0.1282744443465931,,0.6117241248290461,0.70724560546875,,4.215076380522832e-05
simple_avg_delta_orth_kd_T2,SimpleAvg + DeltaTrace + KD T2,simple_avg,simple_avg_delta_orth_kd,3,2,True,2.0,1.0,True,False,50.0,50.0,0.0,delta_trace,80,fixed:80,"q_proj, v_proj",0.5637461161515752,1.2676429752443656,0.6591704603101386,0.6591704603101386,0.0008945279754698276,0.04472639871547457,,,0.08374703492034913,,1.2574719275338837,0.5449523935317994,,1.5094675551268095e-05
simple_avg_delta_orth_kd_T2,SimpleAvg + DeltaTrace + KD T2,simple_avg,simple_avg_delta_orth_kd,3,3,True,2.0,1.0,True,False,50.0,50.0,0.0,delta_trace,80,fixed:80,"q_proj, v_proj",0.48609565024375917,1.1417357987403869,0.6478552742958069,0.6478552742958069,0.00015569750098479745,0.007784875052937423,,,0.016796439265614208,,1.417836406638363,0.531305908203125,,0.0
simple_avg_delta_orth_kd_T2,SimpleAvg + DeltaTrace + KD T2,simple_avg,simple_avg_delta_orth_kd,4,1,True,2.0,1.0,True,False,50.0,50.0,0.0,delta_trace,80,fixed:80,"q_proj, v_proj",2.1595356892641946,3.094888955208362,0.57581103969908,0.57581103969908,0.007190844487839374,0.3595422234099645,,,0.1526564597891153,,0.48036220789256096,0.7606550288200379,,4.215076380522832e-05
simple_avg_delta_orth_kd_T2,SimpleAvg + DeltaTrace + KD T2,simple_avg,simple_avg_delta_orth_kd,4,2,True,2.0,1.0,True,False,50.0,50.0,0.0,delta_trace,80,fixed:80,"q_proj, v_proj",0.6030160993337631,1.2619434059643355,0.6014848716923448,0.6014848716923448,0.0011488487380537677,0.05744243687415709,,,0.10175430161052637,,1.0920303079071179,0.6353164064884186,,1.5094675551268095e-05
simple_avg_delta_orth_kd_T2,SimpleAvg + DeltaTrace + KD T2,simple_avg,simple_avg_delta_orth_kd,4,3,True,2.0,1.0,True,False,50.0,50.0,0.0,delta_trace,80,fixed:80,"q_proj, v_proj",0.5003417313575744,1.1019288751602172,0.5918826738357544,0.5918826738357544,0.00019408938457679596,0.009704469194449485,,,0.021093001138206,,1.2774234045985047,0.6101667475700379,,0.0
simple_avg_delta_orth_kd_T2,SimpleAvg + DeltaTrace + KD T2,simple_avg,simple_avg_delta_orth_kd,5,1,True,2.0,1.0,True,False,50.0,50.0,0.0,delta_trace,80,fixed:80,"q_proj, v_proj",1.9825867685670744,2.9162112757344096,0.5379277275061256,0.5379277275061256,0.00791393578911441,0.3956967879897639,,,0.20491018679970394,,0.6544184868609354,0.5717666015625,,4.215076380522832e-05
simple_avg_delta_orth_kd_T2,SimpleAvg + DeltaTrace + KD T2,simple_avg,simple_avg_delta_orth_kd,5,2,True,2.0,1.0,True,False,50.0,50.0,0.0,delta_trace,80,fixed:80,"q_proj, v_proj",0.45821061056168355,1.1136643088254772,0.5905276545735656,0.5905276545735656,0.0012985208651936444,0.06492604318639783,,,0.1492185756980602,,1.3805591431011834,0.491037109375,,1.5094675551268095e-05
simple_avg_delta_orth_kd_T2,SimpleAvg + DeltaTrace + KD T2,simple_avg,simple_avg_delta_orth_kd,5,3,True,2.0,1.0,True,False,50.0,50.0,0.0,delta_trace,80,fixed:80,"q_proj, v_proj",0.40038389077186587,0.9948117915153504,0.5832489441871643,0.5832489441871643,0.00022357916315388592,0.011178958149501705,,,0.029385473990017938,,1.5216256849209295,0.492639404296875,,0.0
simple_avg_factor_orth,SimpleAvg + FactorOrth,simple_avg,simple_avg_factor_orth,1,1,False,0.0,0.0,False,True,50.0,0.0,50.0,factor_orth,80,fixed:80,"q_proj, v_proj",1.2376253547149965,1.2376253547149965,,,,,0.0,0.0,,0.0,,0.22800239565968514,,4.215076380522832e-05
simple_avg_factor_orth,SimpleAvg + FactorOrth,simple_avg,simple_avg_factor_orth,1,2,False,0.0,0.0,False,True,50.0,0.0,50.0,factor_orth,80,fixed:80,"q_proj, v_proj",0.13694436360822348,0.13694436360822348,,,,,0.0,0.0,,0.0,,0.1436051178574562,,1.5094675551268095e-05
simple_avg_factor_orth,SimpleAvg + FactorOrth,simple_avg,simple_avg_factor_orth,1,3,False,0.0,0.0,False,True,50.0,0.0,50.0,factor_orth,80,fixed:80,"q_proj, v_proj",0.07221522955745459,0.07221522955745459,,,,,0.0,0.0,,0.0,,0.13473301889002323,,0.0
simple_avg_factor_orth,SimpleAvg + FactorOrth,simple_avg,simple_avg_factor_orth,2,1,False,0.0,0.0,False,True,50.0,0.0,50.0,factor_orth,80,fixed:80,"q_proj, v_proj",3.0226496381962553,327.6057305384775,,,,,6.491661593340849,324.58308124561745,,81.15799884114729,,1.3602204570770264,,4.215076380522832e-05
simple_avg_factor_orth,SimpleAvg + FactorOrth,simple_avg,simple_avg_factor_orth,2,2,False,0.0,0.0,False,True,50.0,0.0,50.0,factor_orth,80,fixed:80,"q_proj, v_proj",0.6124646807303195,0.8334987272981738,,,,,0.004420680928494415,0.2210340456243177,,0.3270884446703311,,0.4119907832145691,,1.5094675551268095e-05
simple_avg_factor_orth,SimpleAvg + FactorOrth,simple_avg,simple_avg_factor_orth,2,3,False,0.0,0.0,False,True,50.0,0.0,50.0,factor_orth,80,fixed:80,"q_proj, v_proj",0.2615707434177399,0.26992054961323736,,,,,0.00016699612254305975,0.008349806104041636,,0.03562188221971124,,0.3166697694063187,,0.0
simple_avg_factor_orth,SimpleAvg + FactorOrth,simple_avg,simple_avg_factor_orth,3,1,False,0.0,0.0,False,True,50.0,0.0,50.0,factor_orth,80,fixed:80,"q_proj, v_proj",3.006429194818737,1163.4764405451897,,,,,23.209400279090758,1160.4700119967547,,316.3500505404422,,1.4215749473571777,,4.215076380522832e-05
simple_avg_factor_orth,SimpleAvg + FactorOrth,simple_avg,simple_avg_factor_orth,3,2,False,0.0,0.0,False,True,50.0,0.0,50.0,factor_orth,80,fixed:80,"q_proj, v_proj",0.7592306765376544,1.4148180420281458,,,,,0.013111747337837291,0.6555873644645097,,0.6493549946054586,,0.5638715515136719,,1.5094675551268095e-05
simple_avg_factor_orth,SimpleAvg + FactorOrth,simple_avg,simple_avg_factor_orth,3,3,False,0.0,0.0,False,True,50.0,0.0,50.0,factor_orth,80,fixed:80,"q_proj, v_proj",0.4156804369688034,0.4237865537405014,,,,,0.00016212235352759308,0.008106117673474364,,0.019541359624565234,,0.4332549419403076,,0.0
simple_avg_factor_orth,SimpleAvg + FactorOrth,simple_avg,simple_avg_factor_orth,4,1,False,0.0,0.0,False,True,50.0,0.0,50.0,factor_orth,80,fixed:80,"q_proj, v_proj",3.191737975114301,2361.169211804379,,,,,47.15954961519194,2357.9774765788825,,669.6757495790297,,1.6415644540786742,,4.215076380522832e-05
simple_avg_factor_orth,SimpleAvg + FactorOrth,simple_avg,simple_avg_factor_orth,4,2,False,0.0,0.0,False,True,50.0,0.0,50.0,factor_orth,80,fixed:80,"q_proj, v_proj",0.9164149834484351,18.437561862146268,,,,,0.3504229389893017,17.52114686588833,,13.470409012661628,,0.6750906982421875,,1.5094675551268095e-05
simple_avg_factor_orth,SimpleAvg + FactorOrth,simple_avg,simple_avg_factor_orth,4,3,False,0.0,0.0,False,True,50.0,0.0,50.0,factor_orth,80,fixed:80,"q_proj, v_proj",0.4919535213470459,0.49950642886161806,,,,,0.00015105814773087333,0.007552907397877425,,0.015013437443863858,,0.5148887786865234,,0.0
simple_avg_factor_orth,SimpleAvg + FactorOrth,simple_avg,simple_avg_factor_orth,5,1,False,0.0,0.0,False,True,50.0,0.0,50.0,factor_orth,80,fixed:80,"q_proj, v_proj",3.0163696119516064,2633.589347776922,,,,,52.61145970942346,2630.5729812647046,,816.5028730476798,,1.3137854022979736,,4.215076380522832e-05
simple_avg_factor_orth,SimpleAvg + FactorOrth,simple_avg,simple_avg_factor_orth,5,2,False,0.0,0.0,False,True,50.0,0.0,50.0,factor_orth,80,fixed:80,"q_proj, v_proj",0.5850982804767421,27.204217186448027,,,,,0.5323823792679087,26.619118925284777,,28.59942634864962,,0.3989497365951538,,1.5094675551268095e-05
simple_avg_factor_orth,SimpleAvg + FactorOrth,simple_avg,simple_avg_factor_orth,5,3,False,0.0,0.0,False,True,50.0,0.0,50.0,factor_orth,80,fixed:80,"q_proj, v_proj",0.2506693587779999,0.25805430998206136,,,,,0.00014769900763312763,0.007384950391645544,,0.03093979879250117,,0.2799474940299988,,0.0
simple_avg_factor_orth_kd_T1,SimpleAvg + FactorOrth + KD T1,simple_avg,simple_avg_factor_orth_kd,1,1,True,1.0,0.0,False,True,50.0,0.0,50.0,factor_orth,80,fixed:80,"q_proj, v_proj",1.2376253547149965,1.2376253547149965,0.0,0.0,,,0.0,0.0,,0.0,0.0,0.22800239565968514,,4.215076380522832e-05
simple_avg_factor_orth_kd_T1,SimpleAvg + FactorOrth + KD T1,simple_avg,simple_avg_factor_orth_kd,1,2,True,1.0,0.0,False,True,50.0,0.0,50.0,factor_orth,80,fixed:80,"q_proj, v_proj",0.13694436360822348,0.13694436360822348,0.0,0.0,,,0.0,0.0,,0.0,0.0,0.1436051178574562,,1.5094675551268095e-05
simple_avg_factor_orth_kd_T1,SimpleAvg + FactorOrth + KD T1,simple_avg,simple_avg_factor_orth_kd,1,3,True,1.0,0.0,False,True,50.0,0.0,50.0,factor_orth,80,fixed:80,"q_proj, v_proj",0.07221522955745459,0.07221522955745459,0.0,0.0,,,0.0,0.0,,0.0,0.0,0.13473301889002323,,0.0
simple_avg_factor_orth_kd_T1,SimpleAvg + FactorOrth + KD T1,simple_avg,simple_avg_factor_orth_kd,2,1,True,1.0,1.0,False,True,50.0,0.0,50.0,factor_orth,80,fixed:80,"q_proj, v_proj",3.393994002412462,284.5876062997234,2.6703390144482375,2.6703390144482375,,,5.5704655094337445,278.52327555232665,,66.51966407465407,0.7864042764339804,1.9792216806411742,,4.215076380522832e-05
simple_avg_factor_orth_kd_T1,SimpleAvg + FactorOrth + KD T1,simple_avg,simple_avg_factor_orth_kd,2,2,True,1.0,1.0,False,True,50.0,0.0,50.0,factor_orth,80,fixed:80,"q_proj, v_proj",1.2501121411558058,2.789368863574794,1.338847104643212,1.338847104643212,,,0.0040081924021236415,0.2004096200231646,,0.1491470660459376,1.1072743395014006,1.1489863271713256,,1.5094675551268095e-05
simple_avg_factor_orth_kd_T1,SimpleAvg + FactorOrth + KD T1,simple_avg,simple_avg_factor_orth_kd,2,3,True,1.0,1.0,False,True,50.0,0.0,50.0,factor_orth,80,fixed:80,"q_proj, v_proj",0.989854638671875,2.2023246057510377,1.2032789231300354,1.2032789231300354,,,0.00018382086434721713,0.009191043237317353,,0.00938360391424977,1.2460254761284866,1.09294091796875,,0.0
simple_avg_factor_orth_kd_T1,SimpleAvg + FactorOrth + KD T1,simple_avg,simple_avg_factor_orth_kd,3,1,True,1.0,1.0,False,True,50.0,0.0,50.0,factor_orth,80,fixed:80,"q_proj, v_proj",3.297340899949768,1153.348601377147,0.8794624838618327,0.8794624838618327,,,22.98343591738352,1149.1717974503574,,293.2080265693865,0.28575118595386667,2.0147001934051514,,4.215076380522832e-05
simple_avg_factor_orth_kd_T1,SimpleAvg + FactorOrth + KD T1,simple_avg,simple_avg_factor_orth_kd,3,2,True,1.0,1.0,False,True,50.0,0.0,50.0,factor_orth,80,fixed:80,"q_proj, v_proj",1.3841276626117893,2.6810463672778644,0.751648588796131,0.751648588796131,,,0.010905402402019464,0.5452701174516659,,0.3386141556487066,0.5646078371604878,1.3077246112823486,,1.5094675551268095e-05
simple_avg_factor_orth_kd_T1,SimpleAvg + FactorOrth + KD T1,simple_avg,simple_avg_factor_orth_kd,3,3,True,1.0,1.0,False,True,50.0,0.0,50.0,factor_orth,80,fixed:80,"q_proj, v_proj",1.1088928100585937,1.8862335659027099,0.7688295621871948,0.7688295621871948,,,0.00017022389349076548,0.008511194651783445,,0.007546024517350162,0.7142596730926385,1.205693359375,,0.0
simple_avg_factor_orth_kd_T1,SimpleAvg + FactorOrth + KD T1,simple_avg,simple_avg_factor_orth_kd,4,1,True,1.0,1.0,False,True,50.0,0.0,50.0,factor_orth,80,fixed:80,"q_proj, v_proj",3.467395872023999,2357.15805248504,0.7176160040736784,0.7176160040736784,,,47.059460948610074,2352.973046210706,,616.0819486465148,0.22226100966674608,2.2514384765625,,4.215076380522832e-05
simple_avg_factor_orth_kd_T1,SimpleAvg + FactorOrth + KD T1,simple_avg,simple_avg_factor_orth_kd,4,2,True,1.0,1.0,False,True,50.0,0.0,50.0,factor_orth,80,fixed:80,"q_proj, v_proj",1.5230967437634702,18.75519389285416,0.6662398487818045,0.6662398487818045,,,0.33131714395937306,16.565857182174433,,8.89939243381438,0.45700805460657834,1.4547001962661743,,1.5094675551268095e-05
simple_avg_factor_orth_kd_T1,SimpleAvg + FactorOrth + KD T1,simple_avg,simple_avg_factor_orth_kd,4,3,True,1.0,1.0,False,True,50.0,0.0,50.0,factor_orth,80,fixed:80,"q_proj, v_proj",1.1790308731079102,1.8899694547653199,0.7030626114845275,0.7030626114845275,,,0.00015751941181533767,0.007875970604270697,,0.006589095607602648,0.6164877859280895,1.332521483898163,,0.0
simple_avg_factor_orth_kd_T1,SimpleAvg + FactorOrth + KD T1,simple_avg,simple_avg_factor_orth_kd,5,1,True,1.0,1.0,False,True,50.0,0.0,50.0,factor_orth,80,fixed:80,"q_proj, v_proj",3.3120337004747404,2652.9943654361605,0.778720852591207,0.778720852591207,,,52.97807228116474,2648.903613950539,,738.8016834292417,0.2653763520884729,1.9080527362823487,,4.215076380522832e-05
simple_avg_factor_orth_kd_T1,SimpleAvg + FactorOrth + KD T1,simple_avg,simple_avg_factor_orth_kd,5,2,True,1.0,1.0,False,True,50.0,0.0,50.0,factor_orth,80,fixed:80,"q_proj, v_proj",1.2383417566291621,30.29092655084172,0.7136758659706741,0.7136758659706741,,,0.5667781759165113,28.33890887965433,,18.338915137521038,0.6039163696507904,1.1546298847198486,,1.5094675551268095e-05
simple_avg_factor_orth_kd_T1,SimpleAvg + FactorOrth + KD T1,simple_avg,simple_avg_factor_orth_kd,5,3,True,1.0,1.0,False,True,50.0,0.0,50.0,factor_orth,80,fixed:80,"q_proj, v_proj",0.96780980052948,1.7088645263671876,0.7335635206222534,0.7335635206222534,,,0.00014982415602407854,0.007491207809571642,,0.007726594590312607,0.7801581227888004,1.0651489238739014,,0.0
simple_avg_factor_orth_kd_T2,SimpleAvg + FactorOrth + KD T2,simple_avg,simple_avg_factor_orth_kd,1,1,True,2.0,0.0,False,True,50.0,0.0,50.0,factor_orth,80,fixed:80,"q_proj, v_proj",1.2376253547149965,1.2376253547149965,0.0,0.0,,,0.0,0.0,,0.0,0.0,0.22800239565968514,,4.215076380522832e-05
simple_avg_factor_orth_kd_T2,SimpleAvg + FactorOrth + KD T2,simple_avg,simple_avg_factor_orth_kd,1,2,True,2.0,0.0,False,True,50.0,0.0,50.0,factor_orth,80,fixed:80,"q_proj, v_proj",0.13694436360822348,0.13694436360822348,0.0,0.0,,,0.0,0.0,,0.0,0.0,0.1436051178574562,,1.5094675551268095e-05
simple_avg_factor_orth_kd_T2,SimpleAvg + FactorOrth + KD T2,simple_avg,simple_avg_factor_orth_kd,1,3,True,2.0,0.0,False,True,50.0,0.0,50.0,factor_orth,80,fixed:80,"q_proj, v_proj",0.07221522955745459,0.07221522955745459,0.0,0.0,,,0.0,0.0,,0.0,0.0,0.13473301889002323,,0.0
simple_avg_factor_orth_kd_T2,SimpleAvg + FactorOrth + KD T2,simple_avg,simple_avg_factor_orth_kd,2,1,True,2.0,1.0,False,True,50.0,0.0,50.0,factor_orth,80,fixed:80,"q_proj, v_proj",3.333746532761719,327.9402117331172,3.102992345970703,3.102992345970703,,,6.43006954996339,321.50347522140135,,76.67924436593555,0.963746578681417,1.9029726581573487,,4.215076380522832e-05
simple_avg_factor_orth_kd_T2,SimpleAvg + FactorOrth + KD T2,simple_avg,simple_avg_factor_orth_kd,2,2,True,2.0,1.0,False,True,50.0,0.0,50.0,factor_orth,80,fixed:80,"q_proj, v_proj",1.1214517737021212,3.0649804089890154,1.7187732735618215,1.7187732735618215,,,0.00449510734131346,0.22475536647939778,,0.18396968758872365,1.6162722086643824,0.9585339350700378,,1.5094675551268095e-05
simple_avg_factor_orth_kd_T2,SimpleAvg + FactorOrth + KD T2,simple_avg,simple_avg_factor_orth_kd,2,3,True,2.0,1.0,False,True,50.0,0.0,50.0,factor_orth,80,fixed:80,"q_proj, v_proj",0.7955760518074035,2.324064752960205,1.5186072010040284,1.5186072010040284,,,0.00019763000228704186,0.009881500105652958,,0.012684657477981792,1.9858824078437138,0.89317431640625,,0.0
simple_avg_factor_orth_kd_T2,SimpleAvg + FactorOrth + KD T2,simple_avg,simple_avg_factor_orth_kd,3,1,True,2.0,1.0,False,True,50.0,0.0,50.0,factor_orth,80,fixed:80,"q_proj, v_proj",3.252081561205625,1157.4102159818533,0.6831556270828809,0.6831556270828809,,,23.069499598928832,1153.4749792258206,,297.0923988185628,0.23545344729262277,1.9041391639709473,,4.215076380522832e-05
simple_avg_factor_orth_kd_T2,SimpleAvg + FactorOrth + KD T2,simple_avg,simple_avg_factor_orth_kd,3,2,True,2.0,1.0,False,True,50.0,0.0,50.0,factor_orth,80,fixed:80,"q_proj, v_proj",1.1610028655802618,2.420493445044658,0.6510075106972554,0.6510075106972554,,,0.012169661259156514,0.6084830618814611,,0.42160372657720735,0.6021092003291233,1.0013598651885987,,1.5094675551268095e-05
simple_avg_factor_orth_kd_T2,SimpleAvg + FactorOrth + KD T2,simple_avg,simple_avg_factor_orth_kd,3,3,True,2.0,1.0,False,True,50.0,0.0,50.0,factor_orth,80,fixed:80,"q_proj, v_proj",0.8014555053710938,1.474298571395874,0.6646307714462281,0.6646307714462281,,,0.00016424589944508627,0.008212294953071977,,0.010183243414019251,0.8737015814974944,0.870031982421875,,0.0
simple_avg_factor_orth_kd_T2,SimpleAvg + FactorOrth + KD T2,simple_avg,simple_avg_factor_orth_kd,4,1,True,2.0,1.0,False,True,50.0,0.0,50.0,factor_orth,80,fixed:80,"q_proj, v_proj",3.42108890097192,2356.0761095412236,0.6672576303470349,0.6672576303470349,,,47.03975533268456,2351.9877658975106,,623.318007552298,0.21286064807277402,2.1554936504364015,,4.215076380522832e-05
simple_avg_factor_orth_kd_T2,SimpleAvg + FactorOrth + KD T2,simple_avg,simple_avg_factor_orth_kd,4,2,True,2.0,1.0,False,True,50.0,0.0,50.0,factor_orth,80,fixed:80,"q_proj, v_proj",1.3203793288254346,19.78154196055209,0.6092168724927746,0.6092168724927746,,,0.3570389159970352,17.85194578313681,,10.30105268814767,0.4942173358993802,1.165533446788788,,1.5094675551268095e-05
simple_avg_factor_orth_kd_T2,SimpleAvg + FactorOrth + KD T2,simple_avg,simple_avg_factor_orth_kd,4,3,True,2.0,1.0,False,True,50.0,0.0,50.0,factor_orth,80,fixed:80,"q_proj, v_proj",0.8844206253051757,1.5227599796295166,0.6301743844985962,0.6301743844985962,,,0.00016329935902867874,0.00816496794584673,,0.008991515584275458,0.7527869802214093,1.0068740229606628,,0.0
simple_avg_factor_orth_kd_T2,SimpleAvg + FactorOrth + KD T2,simple_avg,simple_avg_factor_orth_kd,5,1,True,2.0,1.0,False,True,50.0,0.0,50.0,factor_orth,80,fixed:80,"q_proj, v_proj",3.2502868850570654,2636.1421593199384,0.7499766758537917,0.7499766758537917,,,52.642837856873356,2632.1418921537756,,745.8867211708592,0.266806998686508,1.7376972618103028,,4.215076380522832e-05
simple_avg_factor_orth_kd_T2,SimpleAvg + FactorOrth + KD T2,simple_avg,simple_avg_factor_orth_kd,5,2,True,2.0,1.0,False,True,50.0,0.0,50.0,factor_orth,80,fixed:80,"q_proj, v_proj",0.9743853250976469,27.371482560478274,0.6493491594908667,0.6493491594908667,,,0.5149549635925396,25.74774810411036,,19.112524998008087,0.7285079908687779,0.818575439453125,,1.5094675551268095e-05
simple_avg_factor_orth_kd_T2,SimpleAvg + FactorOrth + KD T2,simple_avg,simple_avg_factor_orth_kd,5,3,True,2.0,1.0,False,True,50.0,0.0,50.0,factor_orth,80,fixed:80,"q_proj, v_proj",0.6357677535057068,1.2966543426513673,0.6531710823059083,0.6531710823059083,,,0.00015431014494533883,0.007715507239999715,,0.012198231318997263,1.087547204992364,0.7141964116096496,,0.0
simple_avg_kd_T1,SimpleAvg + KD T1,simple_avg,simple_avg_kd,1,1,True,1.0,0.0,False,False,0.0,0.0,0.0,none,80,fixed:80,"q_proj, v_proj",1.2376253547149965,1.2376253547149965,0.0,0.0,,,,,,,0.0,0.22800239565968514,,4.215076380522832e-05
simple_avg_kd_T1,SimpleAvg + KD T1,simple_avg,simple_avg_kd,1,2,True,1.0,0.0,False,False,0.0,0.0,0.0,none,80,fixed:80,"q_proj, v_proj",0.13694436360822348,0.13694436360822348,0.0,0.0,,,,,,,0.0,0.1436051178574562,,1.5094675551268095e-05
simple_avg_kd_T1,SimpleAvg + KD T1,simple_avg,simple_avg_kd,1,3,True,1.0,0.0,False,False,0.0,0.0,0.0,none,80,fixed:80,"q_proj, v_proj",0.07221522955745459,0.07221522955745459,0.0,0.0,,,,,,,0.0,0.13473301889002323,,0.0
simple_avg_kd_T1,SimpleAvg + KD T1,simple_avg,simple_avg_kd,2,1,True,1.0,1.0,False,False,0.0,0.0,0.0,none,80,fixed:80,"q_proj, v_proj",1.9112480463255836,3.5992950844881775,1.6880470389430144,1.6880470389430144,,,,,,,1.0062563876749673,1.049473876953125,,4.215076380522832e-05
simple_avg_kd_T1,SimpleAvg + KD T1,simple_avg,simple_avg_kd,2,2,True,1.0,1.0,False,False,0.0,0.0,0.0,none,80,fixed:80,"q_proj, v_proj",0.9088539215384936,1.9840424191756327,1.0751884955851758,1.0751884955851758,,,,,,,1.2198944609420708,0.9398920893669128,,1.5094675551268095e-05
simple_avg_kd_T1,SimpleAvg + KD T1,simple_avg,simple_avg_kd,2,3,True,1.0,1.0,False,False,0.0,0.0,0.0,none,80,fixed:80,"q_proj, v_proj",0.853817276096344,1.8487735633850098,0.9949562884330749,0.9949562884330749,,,,,,,1.192231464090007,0.9647773427963257,,0.0
simple_avg_kd_T1,SimpleAvg + KD T1,simple_avg,simple_avg_kd,3,1,True,1.0,1.0,False,False,0.0,0.0,0.0,none,80,fixed:80,"q_proj, v_proj",1.8458145390555825,2.720215931071392,0.8744013975763086,0.8744013975763086,,,,,,,0.6269676747734484,1.0199018535614013,,4.215076380522832e-05
simple_avg_kd_T1,SimpleAvg + KD T1,simple_avg,simple_avg_kd,3,2,True,1.0,1.0,False,False,0.0,0.0,0.0,none,80,fixed:80,"q_proj, v_proj",0.8997433839274235,1.7092904653705534,0.8095470829088179,0.8095470829088179,,,,,,,0.9239099660913099,0.8872407236099243,,1.5094675551268095e-05
simple_avg_kd_T1,SimpleAvg + KD T1,simple_avg,simple_avg_kd,3,3,True,1.0,1.0,False,False,0.0,0.0,0.0,none,80,fixed:80,"q_proj, v_proj",0.8294830452919006,1.6221498586654663,0.792666812992096,0.792666812992096,,,,,,,0.9771252297011123,0.8866162118911743,,0.0
simple_avg_kd_T1,SimpleAvg + KD T1,simple_avg,simple_avg_kd,4,1,True,1.0,1.0,False,False,0.0,0.0,0.0,none,80,fixed:80,"q_proj, v_proj",1.9200426691292545,2.6285886487476953,0.7085459776673887,0.7085459776673887,,,,,,,0.515713431503238,1.0569790029525756,,4.215076380522832e-05
simple_avg_kd_T1,SimpleAvg + KD T1,simple_avg,simple_avg_kd,4,2,True,1.0,1.0,False,False,0.0,0.0,0.0,none,80,fixed:80,"q_proj, v_proj",0.9115452491846241,1.6542248936950184,0.7426796449989569,0.7426796449989569,,,,,,,0.8426321340905712,0.9804399418830871,,1.5094675551268095e-05
simple_avg_kd_T1,SimpleAvg + KD T1,simple_avg,simple_avg_kd,4,3,True,1.0,1.0,False,False,0.0,0.0,0.0,none,80,fixed:80,"q_proj, v_proj",0.8289487223625183,1.5601924209594726,0.7312436995506286,0.7312436995506286,,,,,,,0.9056922466833436,0.95461572265625,,0.0
simple_avg_kd_T1,SimpleAvg + KD T1,simple_avg,simple_avg_kd,5,1,True,1.0,1.0,False,False,0.0,0.0,0.0,none,80,fixed:80,"q_proj, v_proj",1.72610995256374,2.3849306247043143,0.6588206773596388,0.6588206773596388,,,,,,,0.6081778610297515,0.9372304706573487,,4.215076380522832e-05
simple_avg_kd_T1,SimpleAvg + KD T1,simple_avg,simple_avg_kd,5,2,True,1.0,1.0,False,False,0.0,0.0,0.0,none,80,fixed:80,"q_proj, v_proj",0.792368587607243,1.515015134264211,0.72264654480043,0.72264654480043,,,,,,,0.9305406409598272,0.8119716796875,,1.5094675551268095e-05
simple_avg_kd_T1,SimpleAvg + KD T1,simple_avg,simple_avg_kd,5,3,True,1.0,1.0,False,False,0.0,0.0,0.0,none,80,fixed:80,"q_proj, v_proj",0.744259433555603,1.4623810037612914,0.7181215692520142,0.7181215692520142,,,,,,,0.9763540050986077,0.8095737299919128,,0.0
simple_avg_kd_T2,SimpleAvg + KD T2,simple_avg,simple_avg_kd,1,1,True,2.0,0.0,False,False,0.0,0.0,0.0,none,80,fixed:80,"q_proj, v_proj",1.2376253547149965,1.2376253547149965,0.0,0.0,,,,,,,0.0,0.22800239565968514,,4.215076380522832e-05
simple_avg_kd_T2,SimpleAvg + KD T2,simple_avg,simple_avg_kd,1,2,True,2.0,0.0,False,False,0.0,0.0,0.0,none,80,fixed:80,"q_proj, v_proj",0.13694436360822348,0.13694436360822348,0.0,0.0,,,,,,,0.0,0.1436051178574562,,1.5094675551268095e-05
simple_avg_kd_T2,SimpleAvg + KD T2,simple_avg,simple_avg_kd,1,3,True,2.0,0.0,False,False,0.0,0.0,0.0,none,80,fixed:80,"q_proj, v_proj",0.07221522955745459,0.07221522955745459,0.0,0.0,,,,,,,0.0,0.13473301889002323,,0.0
simple_avg_kd_T2,SimpleAvg + KD T2,simple_avg,simple_avg_kd,2,1,True,2.0,1.0,False,False,0.0,0.0,0.0,none,80,fixed:80,"q_proj, v_proj",1.7495561865464755,3.829365179893818,2.079808988469712,2.079808988469712,,,,,,,1.539685331714743,0.8429284677505493,,4.215076380522832e-05
simple_avg_kd_T2,SimpleAvg + KD T2,simple_avg,simple_avg_kd,2,2,True,2.0,1.0,False,False,0.0,0.0,0.0,none,80,fixed:80,"q_proj, v_proj",0.6926161798297382,2.0743851558106843,1.3817689749061084,1.3817689749061084,,,,,,,2.095875120419479,0.7499868166446686,,1.5094675551268095e-05
simple_avg_kd_T2,SimpleAvg + KD T2,simple_avg,simple_avg_kd,2,3,True,2.0,1.0,False,False,0.0,0.0,0.0,none,80,fixed:80,"q_proj, v_proj",0.6318926676750183,1.9331752740859984,1.3012826055526734,1.3012826055526734,,,,,,,2.137304185426281,0.760003173828125,,0.0
simple_avg_kd_T2,SimpleAvg + KD T2,simple_avg,simple_avg_kd,3,1,True,2.0,1.0,False,False,0.0,0.0,0.0,none,80,fixed:80,"q_proj, v_proj",1.6182933980431378,2.3306381440982102,0.7123447452746514,0.7123447452746514,,,,,,,0.7309247334192193,0.685813720703125,,4.215076380522832e-05
simple_avg_kd_T2,SimpleAvg + KD T2,simple_avg,simple_avg_kd,3,2,True,2.0,1.0,False,False,0.0,0.0,0.0,none,80,fixed:80,"q_proj, v_proj",0.5557670227328285,1.219598365025442,0.6638313431231702,0.6638313431231702,,,,,,,1.2853056914863799,0.5303110370635986,,1.5094675551268095e-05
simple_avg_kd_T2,SimpleAvg + KD T2,simple_avg,simple_avg_kd,3,3,True,2.0,1.0,False,False,0.0,0.0,0.0,none,80,fixed:80,"q_proj, v_proj",0.474437620306015,1.1233293791770935,0.6488917590141297,0.6488917590141297,,,,,,,1.459484919000621,0.5291213359832764,,0.0
simple_avg_kd_T2,SimpleAvg + KD T2,simple_avg,simple_avg_kd,4,1,True,2.0,1.0,False,False,0.0,0.0,0.0,none,80,fixed:80,"q_proj, v_proj",1.710949441512556,2.307568142925269,0.5966187029247784,0.5966187029247784,,,,,,,0.5875071845717097,0.76218017578125,,4.215076380522832e-05
simple_avg_kd_T2,SimpleAvg + KD T2,simple_avg,simple_avg_kd,4,2,True,2.0,1.0,False,False,0.0,0.0,0.0,none,80,fixed:80,"q_proj, v_proj",0.5718291052540795,1.1674139453739416,0.5955848396312995,0.5955848396312995,,,,,,,1.145641464052201,0.6381938474178315,,1.5094675551268095e-05
simple_avg_kd_T2,SimpleAvg + KD T2,simple_avg,simple_avg_kd,4,3,True,2.0,1.0,False,False,0.0,0.0,0.0,none,80,fixed:80,"q_proj, v_proj",0.4748422396183014,1.0542884224891662,0.5794461811065674,0.5794461811065674,,,,,,,1.324262966323655,0.6062241213321686,,0.0
simple_avg_kd_T2,SimpleAvg + KD T2,simple_avg,simple_avg_kd,5,1,True,2.0,1.0,False,False,0.0,0.0,0.0,none,80,fixed:80,"q_proj, v_proj",1.4882532160137758,2.035981238180994,0.5477280196796267,0.5477280196796267,,,,,,,0.7962946428255433,0.5508720698356628,,4.215076380522832e-05
simple_avg_kd_T2,SimpleAvg + KD T2,simple_avg,simple_avg_kd,5,2,True,2.0,1.0,False,False,0.0,0.0,0.0,none,80,fixed:80,"q_proj, v_proj",0.43402517061741624,0.9988092845580617,0.5647841138917892,0.5647841138917892,,,,,,,1.3949955487429788,0.44408154344558715,,1.5094675551268095e-05
simple_avg_kd_T2,SimpleAvg + KD T2,simple_avg,simple_avg_kd,5,3,True,2.0,1.0,False,False,0.0,0.0,0.0,none,80,fixed:80,"q_proj, v_proj",0.3774328897953034,0.9377976965904236,0.5603648077011109,0.5603648077011109,,,,,,,1.5469397454684954,0.43259765625,,0.0
